Translator,Poem ID,OP>,Exact(E),Field(F),Group(G),Total(T),Unmatch(U),CT,Original(W),Annotation(A),FG-paraphrase(P1),U-paraphrase(P2),Pure-addition,Gap
kaneko,0001,21,0.76,0.24,0.00,1.00,0.00,36,0.44,0.56,0.14,0.00,0.42,0.00
kaneko,0002,18,0.50,0.22,0.06,0.78,0.22,47,0.19,0.81,0.11,0.16,0.55,0.07
kaneko,0003,16,0.69,0.12,0.06,0.88,0.12,39,0.28,0.72,0.08,0.08,0.56,0.03
kaneko,0004,18,0.50,0.22,0.00,0.72,0.28,36,0.25,0.75,0.11,0.18,0.46,0.04
kaneko,0005,16,0.69,0.19,0.12,1.00,0.00,32,0.38,0.62,0.16,0.00,0.47,0.03
kaneko,0006,17,0.47,0.18,0.06,0.71,0.29,42,0.19,0.81,0.12,0.20,0.49,0.11
kaneko,0007,17,0.41,0.24,0.06,0.71,0.29,37,0.19,0.81,0.11,0.21,0.50,0.04
kaneko,0008,17,0.41,0.18,0.06,0.65,0.35,34,0.21,0.79,0.15,0.23,0.42,0.08
kaneko,0009,17,0.53,0.29,0.00,0.82,0.18,33,0.30,0.70,0.15,0.10,0.45,0.04
kaneko,0010,17,0.35,0.35,0.12,0.82,0.18,50,0.12,0.88,0.16,0.13,0.59,0.07
kaneko,0011,19,0.58,0.21,0.05,0.84,0.16,36,0.31,0.69,0.14,0.09,0.47,0.00
kaneko,0012,15,0.33,0.13,0.00,0.47,0.53,49,0.12,0.88,0.04,0.45,0.39,0.30
kaneko,0013,17,0.59,0.12,0.00,0.71,0.29,42,0.24,0.76,0.05,0.21,0.50,0.09
kaneko,0014,16,0.69,0.31,0.00,1.00,0.00,39,0.28,0.72,0.13,0.00,0.59,0.00
kaneko,0015,16,0.50,0.12,0.25,0.88,0.12,39,0.21,0.79,0.15,0.08,0.56,0.03
kaneko,0016,15,0.67,0.07,0.07,0.80,0.20,43,0.23,0.77,0.07,0.14,0.56,0.09
kaneko,0017,17,0.65,0.06,0.06,0.76,0.24,45,0.24,0.76,0.04,0.17,0.54,0.08
kaneko,0018,16,0.44,0.19,0.06,0.69,0.31,53,0.15,0.85,0.08,0.24,0.53,0.17
kaneko,0019,17,0.65,0.18,0.06,0.88,0.12,40,0.28,0.72,0.10,0.07,0.55,0.02
kaneko,0020,15,0.67,0.07,0.07,0.80,0.20,31,0.32,0.68,0.06,0.12,0.49,0.03
kaneko,0021,19,0.53,0.26,0.11,0.89,0.11,34,0.29,0.71,0.21,0.05,0.45,0.01
kaneko,0022,16,0.75,0.06,0.00,0.81,0.19,29,0.41,0.59,0.03,0.10,0.45,0.00
kaneko,0023,15,0.47,0.13,0.13,0.73,0.27,42,0.17,0.83,0.10,0.20,0.54,0.10
kaneko,0024,16,0.50,0.19,0.00,0.69,0.31,32,0.25,0.75,0.12,0.20,0.43,0.07
kaneko,0025,16,0.62,0.06,0.06,0.75,0.25,33,0.30,0.70,0.06,0.16,0.48,0.04
kaneko,0026,15,0.53,0.13,0.13,0.80,0.20,35,0.23,0.77,0.14,0.13,0.50,0.07
kaneko,0027,16,0.62,0.00,0.19,0.81,0.19,30,0.33,0.67,0.10,0.11,0.46,0.01
kaneko,0028,13,0.62,0.15,0.15,0.92,0.08,43,0.19,0.81,0.12,0.05,0.64,0.05
kaneko,0029,13,0.54,0.15,0.15,0.85,0.15,32,0.22,0.78,0.16,0.10,0.53,0.06
kaneko,0030,15,0.47,0.07,0.07,0.60,0.40,57,0.12,0.88,0.04,0.34,0.51,0.23
kaneko,0031,17,0.53,0.18,0.12,0.82,0.18,75,0.12,0.88,0.07,0.14,0.67,0.10
kaneko,0032,17,0.53,0.24,0.06,0.82,0.18,52,0.17,0.83,0.10,0.13,0.60,0.07
kaneko,0033,18,0.56,0.22,0.00,0.78,0.22,49,0.20,0.80,0.08,0.16,0.56,0.08
kaneko,0034,16,0.44,0.31,0.00,0.75,0.25,34,0.21,0.79,0.15,0.16,0.49,0.04
kaneko,0035,16,0.50,0.19,0.19,0.88,0.12,44,0.18,0.82,0.14,0.09,0.60,0.04
kaneko,0036,18,0.78,0.11,0.00,0.89,0.11,39,0.36,0.64,0.05,0.07,0.52,0.01
kaneko,0037,20,0.45,0.35,0.00,0.80,0.20,55,0.16,0.84,0.15,0.14,0.55,0.08
kaneko,0038,21,0.57,0.14,0.05,0.76,0.24,55,0.24,0.76,0.07,0.16,0.53,0.09
kaneko,0039,15,0.47,0.33,0.00,0.80,0.20,46,0.15,0.85,0.11,0.15,0.59,0.08
kaneko,0040,19,0.47,0.26,0.05,0.79,0.21,64,0.14,0.86,0.11,0.16,0.59,0.11
kaneko,0041,17,0.71,0.18,0.00,0.88,0.12,34,0.35,0.65,0.09,0.07,0.49,0.01
kaneko,0042,17,0.53,0.24,0.06,0.82,0.18,45,0.20,0.80,0.11,0.12,0.57,0.05
kaneko,0043,20,0.85,0.10,0.00,0.95,0.05,47,0.34,0.66,0.04,0.03,0.59,0.01
kaneko,0044,18,0.61,0.17,0.06,0.83,0.17,44,0.25,0.75,0.09,0.11,0.55,0.04
kaneko,0045,17,0.59,0.06,0.06,0.71,0.29,53,0.19,0.81,0.04,0.23,0.55,0.13
kaneko,0046,18,0.50,0.28,0.17,0.94,0.06,40,0.23,0.78,0.23,0.03,0.52,0.03
kaneko,0047,17,0.53,0.18,0.06,0.76,0.24,32,0.28,0.72,0.12,0.14,0.45,0.01
kaneko,0048,17,0.65,0.18,0.12,0.94,0.06,38,0.29,0.71,0.13,0.03,0.54,0.01
kaneko,0049,15,0.60,0.27,0.07,0.93,0.07,34,0.26,0.74,0.15,0.04,0.55,0.01
kaneko,0050,16,0.56,0.19,0.06,0.81,0.19,41,0.22,0.78,0.07,0.13,0.57,0.04
kaneko,0051,18,0.78,0.11,0.00,0.89,0.11,42,0.33,0.67,0.05,0.07,0.55,0.02
kaneko,0052,19,0.58,0.16,0.05,0.79,0.21,40,0.28,0.72,0.10,0.13,0.49,0.03
kaneko,0053,14,0.57,0.21,0.14,0.93,0.07,50,0.16,0.84,0.10,0.05,0.69,0.03
kaneko,0054,17,0.65,0.00,0.24,0.88,0.12,43,0.26,0.74,0.14,0.07,0.53,0.07
kaneko,0055,19,0.68,0.26,0.00,0.95,0.05,42,0.31,0.69,0.12,0.03,0.54,0.01
kaneko,0056,14,0.57,0.29,0.07,0.93,0.07,35,0.23,0.77,0.14,0.04,0.58,0.02
kaneko,0057,16,0.56,0.25,0.06,0.88,0.12,42,0.21,0.79,0.12,0.08,0.58,0.04
kaneko,0058,16,0.69,0.00,0.12,0.81,0.19,31,0.35,0.65,0.06,0.11,0.47,0.01
kaneko,0059,15,0.53,0.13,0.07,0.73,0.27,22,0.36,0.64,0.14,0.13,0.37,0.05
kaneko,0060,17,0.53,0.18,0.12,0.82,0.18,36,0.25,0.75,0.11,0.11,0.53,0.00
kaneko,0061,17,0.76,0.12,0.00,0.88,0.12,38,0.34,0.66,0.03,0.07,0.56,0.00
kaneko,0062,15,0.53,0.13,0.07,0.73,0.27,55,0.16,0.84,0.07,0.20,0.56,0.17
kaneko,0063,22,0.45,0.32,0.09,0.86,0.14,71,0.14,0.86,0.13,0.10,0.63,0.06
kaneko,0064,16,0.56,0.06,0.19,0.81,0.19,49,0.18,0.82,0.10,0.13,0.58,0.09
kaneko,0065,17,0.59,0.12,0.12,0.82,0.18,56,0.18,0.82,0.11,0.13,0.59,0.11
kaneko,0066,18,0.67,0.22,0.06,0.94,0.06,36,0.33,0.67,0.17,0.03,0.47,0.03
kaneko,0067,18,0.28,0.28,0.11,0.67,0.33,59,0.08,0.92,0.14,0.26,0.52,0.18
kaneko,0068,16,0.50,0.25,0.19,0.94,0.06,56,0.18,0.82,0.14,0.04,0.64,0.08
kaneko,0069,14,0.86,0.07,0.00,0.93,0.07,31,0.39,0.61,0.03,0.04,0.54,0.01
kaneko,0070,18,0.56,0.17,0.11,0.83,0.17,60,0.17,0.83,0.07,0.13,0.64,0.06
kaneko,0071,14,0.50,0.07,0.21,0.79,0.21,37,0.19,0.81,0.11,0.15,0.55,0.07
kaneko,0072,17,0.59,0.24,0.00,0.82,0.18,32,0.31,0.69,0.12,0.10,0.46,0.01
kaneko,0073,19,0.53,0.16,0.05,0.74,0.26,33,0.30,0.70,0.12,0.15,0.42,0.00
kaneko,0074,17,0.71,0.06,0.06,0.82,0.18,46,0.28,0.72,0.04,0.12,0.55,0.08
kaneko,0075,15,0.73,0.13,0.13,1.00,0.00,37,0.30,0.70,0.11,0.00,0.59,0.00
kaneko,0076,16,0.88,0.06,0.00,0.94,0.06,39,0.36,0.64,0.03,0.04,0.58,0.01
kaneko,0077,17,0.53,0.24,0.12,0.88,0.12,45,0.22,0.78,0.16,0.07,0.55,0.07
kaneko,0078,19,0.53,0.16,0.11,0.79,0.21,43,0.23,0.77,0.12,0.14,0.51,0.04
kaneko,0079,15,0.53,0.20,0.07,0.80,0.20,56,0.14,0.86,0.07,0.16,0.63,0.10
kaneko,0080,18,0.72,0.17,0.00,0.89,0.11,52,0.23,0.77,0.06,0.08,0.63,0.02
kaneko,0081,19,0.68,0.21,0.05,0.95,0.05,37,0.35,0.65,0.14,0.03,0.49,0.00
kaneko,0082,16,0.50,0.38,0.06,0.94,0.06,53,0.15,0.85,0.15,0.04,0.65,0.04
kaneko,0083,17,0.41,0.24,0.12,0.76,0.24,50,0.14,0.86,0.14,0.17,0.55,0.11
kaneko,0084,14,0.57,0.14,0.14,0.86,0.14,36,0.22,0.78,0.11,0.10,0.57,0.04
kaneko,0085,15,0.67,0.13,0.07,0.87,0.13,45,0.22,0.78,0.07,0.09,0.62,0.05
kaneko,0086,17,0.53,0.12,0.06,0.71,0.29,43,0.21,0.79,0.07,0.21,0.51,0.10
kaneko,0087,17,0.53,0.29,0.06,0.88,0.12,45,0.20,0.80,0.13,0.08,0.59,0.03
kaneko,0088,16,0.75,0.06,0.06,0.88,0.12,39,0.31,0.69,0.05,0.08,0.56,0.03
kaneko,0089,17,0.59,0.35,0.06,1.00,0.00,52,0.19,0.81,0.13,0.00,0.67,0.00
kaneko,0090,18,0.61,0.28,0.00,0.89,0.11,37,0.30,0.70,0.14,0.06,0.50,0.01
kaneko,0091,18,0.72,0.17,0.00,0.89,0.11,47,0.28,0.72,0.06,0.07,0.59,0.03
kaneko,0092,18,0.56,0.28,0.06,0.89,0.11,41,0.24,0.76,0.17,0.07,0.52,0.04
kaneko,0093,18,0.28,0.00,0.00,0.28,0.72,40,0.12,0.88,0.00,0.63,0.24,0.31
kaneko,0094,17,0.76,0.06,0.00,0.82,0.18,30,0.43,0.57,0.03,0.09,0.44,0.01
kaneko,0095,19,0.58,0.16,0.05,0.79,0.21,50,0.22,0.78,0.08,0.15,0.55,0.07
kaneko,0096,19,0.47,0.21,0.05,0.74,0.26,41,0.20,0.80,0.15,0.17,0.49,0.05
kaneko,0097,17,0.35,0.41,0.12,0.88,0.12,35,0.17,0.83,0.26,0.07,0.50,0.01
kaneko,0098,18,0.39,0.39,0.00,0.78,0.22,69,0.10,0.90,0.13,0.17,0.60,0.14
kaneko,0099,14,0.64,0.36,0.00,1.00,0.00,35,0.26,0.74,0.14,0.00,0.60,0.00
kaneko,0100,16,0.56,0.12,0.12,0.81,0.19,49,0.18,0.82,0.12,0.13,0.56,0.11
kaneko,0101,16,0.44,0.19,0.12,0.75,0.25,40,0.17,0.82,0.12,0.17,0.52,0.08
kaneko,0102,15,0.53,0.20,0.13,0.87,0.13,32,0.25,0.75,0.16,0.08,0.51,0.02
kaneko,0103,18,0.72,0.17,0.00,0.89,0.11,31,0.42,0.58,0.13,0.05,0.40,0.02
kaneko,0104,18,0.44,0.28,0.00,0.72,0.28,62,0.15,0.85,0.08,0.22,0.56,0.15
kaneko,0105,17,0.59,0.18,0.12,0.88,0.12,35,0.29,0.71,0.14,0.07,0.50,0.01
kaneko,0106,16,0.69,0.31,0.00,1.00,0.00,58,0.19,0.81,0.10,0.00,0.71,0.02
kaneko,0107,16,0.50,0.25,0.19,0.94,0.06,31,0.26,0.74,0.23,0.03,0.48,0.00
kaneko,0108,15,0.73,0.13,0.00,0.87,0.13,32,0.34,0.66,0.06,0.08,0.51,0.02
kaneko,0109,17,0.47,0.18,0.12,0.76,0.24,44,0.18,0.82,0.14,0.16,0.52,0.09
kaneko,0110,16,0.50,0.38,0.06,0.94,0.06,51,0.18,0.82,0.16,0.04,0.62,0.06
kaneko,0111,18,0.67,0.17,0.00,0.83,0.17,34,0.35,0.65,0.09,0.09,0.47,0.00
kaneko,0112,18,0.44,0.28,0.22,0.94,0.06,54,0.17,0.83,0.17,0.04,0.63,0.04
kaneko,0113,20,0.35,0.15,0.10,0.60,0.40,42,0.17,0.83,0.14,0.28,0.41,0.11
kaneko,0114,18,0.72,0.17,0.11,1.00,0.00,43,0.30,0.70,0.14,0.00,0.56,0.02
kaneko,0115,16,0.50,0.19,0.06,0.75,0.25,26,0.35,0.65,0.15,0.12,0.38,0.01
kaneko,0116,18,0.67,0.22,0.11,1.00,0.00,36,0.33,0.67,0.14,0.00,0.53,0.03
kaneko,0117,20,0.70,0.15,0.10,0.95,0.05,31,0.45,0.55,0.16,0.02,0.37,0.01
kaneko,0118,19,0.58,0.21,0.11,0.89,0.11,39,0.28,0.72,0.18,0.06,0.48,0.03
kaneko,0119,17,0.82,0.12,0.00,0.94,0.06,49,0.29,0.71,0.04,0.04,0.63,0.02
kaneko,0120,16,0.44,0.12,0.25,0.81,0.19,33,0.21,0.79,0.18,0.11,0.49,0.02
kaneko,0121,15,0.87,0.07,0.00,0.93,0.07,33,0.39,0.61,0.03,0.04,0.54,0.01
kaneko,0122,15,0.60,0.27,0.00,0.87,0.13,30,0.33,0.67,0.10,0.08,0.49,0.01
kaneko,0123,18,0.61,0.11,0.11,0.83,0.17,41,0.27,0.73,0.12,0.10,0.51,0.05
kaneko,0124,14,0.71,0.14,0.00,0.86,0.14,35,0.29,0.71,0.11,0.09,0.51,0.09
kaneko,0125,15,0.60,0.20,0.00,0.80,0.20,39,0.23,0.77,0.10,0.13,0.53,0.08
kaneko,0126,16,0.50,0.19,0.00,0.69,0.31,44,0.18,0.82,0.09,0.23,0.50,0.14
kaneko,0127,13,0.38,0.38,0.15,0.92,0.08,38,0.13,0.87,0.18,0.05,0.63,0.03
kaneko,0128,14,0.57,0.07,0.14,0.79,0.21,36,0.25,0.75,0.08,0.14,0.52,0.09
kaneko,0129,18,0.61,0.17,0.00,0.78,0.22,40,0.28,0.72,0.07,0.14,0.51,0.04
kaneko,0130,16,0.50,0.12,0.12,0.75,0.25,47,0.17,0.83,0.09,0.19,0.56,0.10
kaneko,0131,14,0.50,0.43,0.07,1.00,0.00,44,0.16,0.84,0.11,0.00,0.73,0.05
kaneko,0132,16,0.50,0.19,0.06,0.75,0.25,34,0.24,0.76,0.12,0.16,0.49,0.04
kaneko,0133,19,0.68,0.05,0.16,0.89,0.11,43,0.30,0.70,0.09,0.06,0.54,0.02
kaneko,0134,17,0.65,0.29,0.00,0.94,0.06,31,0.35,0.65,0.19,0.03,0.43,0.03
kaneko,0135,18,0.56,0.22,0.00,0.78,0.22,33,0.30,0.70,0.12,0.13,0.45,0.01
kaneko,0136,18,0.67,0.11,0.00,0.78,0.22,51,0.24,0.76,0.04,0.16,0.56,0.08
kaneko,0137,11,0.64,0.27,0.00,0.91,0.09,47,0.15,0.85,0.09,0.07,0.70,0.07
kaneko,0138,16,0.56,0.19,0.06,0.81,0.19,30,0.30,0.70,0.17,0.10,0.43,0.03
kaneko,0139,17,0.71,0.24,0.06,1.00,0.00,31,0.39,0.61,0.16,0.00,0.45,0.00
kaneko,0140,15,0.67,0.13,0.07,0.87,0.13,32,0.31,0.69,0.09,0.08,0.51,0.02
kaneko,0141,14,0.64,0.29,0.00,0.93,0.07,39,0.23,0.77,0.15,0.04,0.57,0.07
kaneko,0142,12,0.83,0.00,0.17,1.00,0.00,21,0.48,0.52,0.10,0.00,0.43,0.00
kaneko,0143,12,0.58,0.17,0.00,0.75,0.25,23,0.30,0.70,0.09,0.15,0.46,0.02
kaneko,0144,11,0.45,0.27,0.09,0.82,0.18,34,0.15,0.85,0.15,0.13,0.58,0.10
kaneko,0145,17,0.71,0.06,0.12,0.88,0.12,42,0.29,0.71,0.07,0.08,0.57,0.03
kaneko,0146,13,0.38,0.38,0.08,0.85,0.15,27,0.19,0.81,0.22,0.09,0.50,0.02
kaneko,0147,15,0.40,0.13,0.13,0.67,0.33,29,0.21,0.79,0.14,0.22,0.44,0.05
kaneko,0148,13,0.62,0.08,0.15,0.85,0.15,26,0.31,0.69,0.12,0.09,0.49,0.01
kaneko,0149,17,0.53,0.35,0.12,1.00,0.00,41,0.22,0.78,0.22,0.00,0.56,0.02
kaneko,0150,14,0.50,0.14,0.07,0.71,0.29,36,0.19,0.81,0.08,0.21,0.52,0.10
kaneko,0151,15,0.60,0.07,0.07,0.73,0.27,41,0.22,0.78,0.05,0.20,0.54,0.10
kaneko,0152,14,0.57,0.21,0.07,0.86,0.14,37,0.22,0.78,0.11,0.10,0.58,0.04
kaneko,0153,14,0.64,0.29,0.00,0.93,0.07,33,0.24,0.76,0.15,0.04,0.56,0.01
kaneko,0154,17,0.47,0.29,0.06,0.82,0.18,55,0.16,0.84,0.11,0.13,0.60,0.09
kaneko,0155,15,0.47,0.20,0.00,0.67,0.33,37,0.19,0.81,0.08,0.24,0.49,0.11
kaneko,0156,15,0.80,0.07,0.00,0.87,0.13,27,0.44,0.56,0.04,0.07,0.45,0.00
kaneko,0157,17,0.59,0.24,0.06,0.88,0.12,29,0.34,0.66,0.17,0.06,0.43,0.01
kaneko,0158,13,0.54,0.23,0.00,0.77,0.23,26,0.27,0.73,0.12,0.14,0.47,0.03
kaneko,0159,17,0.47,0.35,0.06,0.88,0.12,42,0.19,0.81,0.17,0.08,0.57,0.03
kaneko,0160,15,0.73,0.13,0.07,0.93,0.07,27,0.41,0.59,0.11,0.03,0.45,0.00
kaneko,0161,16,0.62,0.19,0.06,0.88,0.12,43,0.26,0.74,0.09,0.08,0.57,0.06
kaneko,0162,13,0.46,0.23,0.15,0.85,0.15,38,0.16,0.84,0.13,0.11,0.60,0.06
kaneko,0163,15,0.60,0.07,0.13,0.80,0.20,35,0.26,0.74,0.09,0.13,0.53,0.05
kaneko,0164,17,0.41,0.29,0.06,0.76,0.24,39,0.18,0.82,0.15,0.16,0.51,0.05
kaneko,0165,15,0.80,0.00,0.07,0.87,0.13,38,0.32,0.68,0.03,0.09,0.57,0.04
kaneko,0166,17,0.71,0.06,0.00,0.76,0.24,51,0.24,0.76,0.04,0.17,0.55,0.11
kaneko,0167,19,0.42,0.26,0.11,0.79,0.21,45,0.18,0.82,0.16,0.14,0.53,0.05
kaneko,0168,15,0.60,0.27,0.00,0.87,0.13,35,0.26,0.74,0.11,0.08,0.54,0.03
kaneko,0169,19,0.63,0.21,0.05,0.89,0.11,36,0.33,0.67,0.17,0.05,0.45,0.02
kaneko,0170,15,0.60,0.13,0.07,0.80,0.20,34,0.26,0.74,0.09,0.13,0.52,0.04
kaneko,0171,14,0.64,0.07,0.07,0.79,0.21,32,0.28,0.72,0.06,0.14,0.52,0.05
kaneko,0172,17,0.59,0.12,0.06,0.76,0.24,44,0.23,0.77,0.07,0.17,0.54,0.07
kaneko,0173,15,0.40,0.40,0.00,0.80,0.20,42,0.14,0.86,0.17,0.14,0.55,0.09
kaneko,0174,11,0.45,0.18,0.09,0.73,0.27,29,0.14,0.86,0.10,0.21,0.55,0.07
kaneko,0175,15,0.67,0.07,0.00,0.73,0.27,34,0.29,0.71,0.03,0.18,0.50,0.06
kaneko,0176,14,0.64,0.14,0.00,0.79,0.21,51,0.18,0.82,0.04,0.17,0.62,0.11
kaneko,0177,13,0.38,0.08,0.23,0.69,0.31,45,0.11,0.89,0.09,0.25,0.55,0.16
kaneko,0178,14,0.57,0.21,0.07,0.86,0.14,47,0.17,0.83,0.09,0.11,0.64,0.06
kaneko,0179,17,0.47,0.24,0.12,0.82,0.18,40,0.20,0.80,0.15,0.11,0.54,0.04
kaneko,0180,16,0.38,0.06,0.12,0.56,0.44,32,0.19,0.81,0.09,0.31,0.40,0.10
kaneko,0181,17,0.59,0.18,0.00,0.76,0.24,41,0.27,0.73,0.10,0.15,0.48,0.10
kaneko,0182,16,0.69,0.12,0.19,1.00,0.00,46,0.22,0.78,0.13,0.00,0.65,0.00
kaneko,0183,19,0.58,0.11,0.05,0.74,0.26,42,0.26,0.74,0.07,0.18,0.49,0.06
kaneko,0184,17,0.47,0.29,0.06,0.82,0.18,48,0.19,0.81,0.12,0.12,0.57,0.08
kaneko,0185,14,0.43,0.29,0.14,0.86,0.14,49,0.12,0.88,0.14,0.10,0.63,0.08
kaneko,0186,19,0.26,0.21,0.21,0.68,0.32,44,0.11,0.89,0.18,0.22,0.48,0.09
kaneko,0187,14,0.71,0.07,0.14,0.93,0.07,36,0.31,0.69,0.08,0.04,0.57,0.04
kaneko,0188,15,0.47,0.33,0.07,0.87,0.13,50,0.14,0.86,0.16,0.09,0.61,0.09
kaneko,0189,20,0.45,0.25,0.05,0.75,0.25,33,0.27,0.73,0.18,0.14,0.41,0.02
kaneko,0190,16,0.38,0.25,0.19,0.81,0.19,44,0.14,0.86,0.18,0.13,0.55,0.08
kaneko,0191,15,0.73,0.20,0.00,0.93,0.07,34,0.32,0.68,0.09,0.04,0.55,0.01
kaneko,0192,17,0.41,0.18,0.18,0.76,0.24,31,0.23,0.77,0.19,0.14,0.44,0.01
kaneko,0193,18,0.28,0.28,0.00,0.56,0.44,42,0.12,0.88,0.12,0.34,0.42,0.15
kaneko,0194,14,0.71,0.07,0.00,0.79,0.21,36,0.28,0.72,0.03,0.15,0.55,0.07
kaneko,0195,17,0.65,0.06,0.06,0.76,0.24,33,0.33,0.67,0.06,0.14,0.46,0.02
kaneko,0196,16,0.44,0.25,0.19,0.88,0.12,77,0.09,0.91,0.09,0.10,0.72,0.08
kaneko,0197,18,0.61,0.22,0.17,1.00,0.00,33,0.36,0.64,0.24,0.00,0.39,0.06
kaneko,0198,16,0.69,0.19,0.00,0.88,0.12,54,0.22,0.78,0.07,0.09,0.62,0.09
kaneko,0199,16,0.62,0.06,0.12,0.81,0.19,33,0.30,0.70,0.09,0.11,0.49,0.02
kaneko,0200,13,0.62,0.15,0.08,0.85,0.15,56,0.14,0.86,0.05,0.12,0.68,0.09
kaneko,0201,18,0.72,0.17,0.11,1.00,0.00,48,0.27,0.73,0.12,0.00,0.60,0.02
kaneko,0202,18,0.67,0.11,0.06,0.83,0.17,41,0.29,0.71,0.07,0.11,0.53,0.03
kaneko,0203,17,0.53,0.06,0.24,0.82,0.18,52,0.17,0.83,0.10,0.13,0.60,0.07
kaneko,0204,19,0.58,0.21,0.11,0.89,0.11,44,0.25,0.75,0.14,0.06,0.55,0.02
kaneko,0205,15,0.93,0.00,0.00,0.93,0.07,35,0.40,0.60,0.00,0.04,0.56,0.01
kaneko,0206,14,0.50,0.14,0.21,0.86,0.14,39,0.18,0.82,0.13,0.10,0.59,0.05
kaneko,0207,17,0.59,0.12,0.18,0.88,0.12,50,0.20,0.80,0.10,0.08,0.62,0.04
kaneko,0208,17,0.59,0.12,0.18,0.88,0.12,27,0.37,0.63,0.19,0.05,0.39,0.02
kaneko,0209,16,0.19,0.25,0.25,0.69,0.31,30,0.10,0.90,0.30,0.19,0.41,0.05
kaneko,0210,19,0.68,0.11,0.11,0.89,0.11,38,0.34,0.66,0.11,0.06,0.49,0.01
kaneko,0211,16,0.44,0.31,0.06,0.81,0.19,37,0.22,0.78,0.19,0.11,0.48,0.08
kaneko,0212,20,0.65,0.20,0.10,0.95,0.05,46,0.28,0.72,0.13,0.03,0.56,0.01
kaneko,0213,16,0.50,0.12,0.06,0.69,0.31,36,0.22,0.78,0.08,0.22,0.48,0.08
kaneko,0214,16,0.69,0.12,0.00,0.81,0.19,39,0.28,0.72,0.08,0.12,0.52,0.07
kaneko,0215,14,0.64,0.21,0.14,1.00,0.00,42,0.21,0.79,0.12,0.00,0.67,0.00
kaneko,0216,14,0.50,0.14,0.21,0.86,0.14,40,0.17,0.82,0.12,0.10,0.60,0.05
kaneko,0217,17,0.59,0.18,0.12,0.88,0.12,36,0.28,0.72,0.14,0.07,0.51,0.01
kaneko,0218,16,0.75,0.12,0.00,0.88,0.12,25,0.48,0.52,0.08,0.06,0.39,0.03
kaneko,0219,16,0.81,0.12,0.00,0.94,0.06,30,0.43,0.57,0.07,0.03,0.47,0.00
kaneko,0220,14,0.36,0.29,0.07,0.71,0.29,43,0.12,0.88,0.12,0.22,0.55,0.13
kaneko,0221,17,0.65,0.12,0.06,0.82,0.18,53,0.21,0.79,0.06,0.13,0.61,0.07
kaneko,0222,20,0.60,0.05,0.05,0.70,0.30,60,0.20,0.80,0.02,0.24,0.55,0.12
kaneko,0223,17,0.53,0.18,0.18,0.88,0.12,37,0.24,0.76,0.19,0.07,0.50,0.04
kaneko,0224,19,0.47,0.11,0.00,0.58,0.42,62,0.15,0.85,0.05,0.34,0.47,0.23
kaneko,0225,15,0.73,0.13,0.00,0.87,0.13,32,0.34,0.66,0.06,0.08,0.51,0.02
kaneko,0226,18,0.50,0.22,0.06,0.78,0.22,44,0.20,0.80,0.14,0.15,0.51,0.08
kaneko,0227,15,0.40,0.13,0.13,0.67,0.33,48,0.12,0.88,0.08,0.26,0.53,0.16
kaneko,0228,16,0.69,0.00,0.19,0.88,0.12,34,0.32,0.68,0.06,0.08,0.54,0.01
kaneko,0229,16,0.31,0.31,0.06,0.69,0.31,36,0.14,0.86,0.17,0.22,0.48,0.08
kaneko,0230,14,0.93,0.00,0.00,0.93,0.07,36,0.36,0.64,0.00,0.05,0.59,0.02
kaneko,0231,12,0.50,0.42,0.08,1.00,0.00,40,0.17,0.82,0.15,0.00,0.67,0.03
kaneko,0232,15,0.67,0.13,0.00,0.80,0.20,43,0.23,0.77,0.07,0.14,0.56,0.09
kaneko,0233,17,0.59,0.18,0.06,0.82,0.18,37,0.27,0.73,0.11,0.11,0.51,0.03
kaneko,0234,16,0.75,0.12,0.00,0.88,0.12,35,0.34,0.66,0.06,0.07,0.53,0.02
kaneko,0235,13,0.69,0.23,0.00,0.92,0.08,29,0.34,0.66,0.07,0.05,0.54,0.01
kaneko,0236,16,0.50,0.12,0.19,0.81,0.19,53,0.15,0.85,0.09,0.14,0.61,0.08
kaneko,0237,13,0.62,0.00,0.15,0.77,0.23,35,0.23,0.77,0.06,0.16,0.55,0.08
kaneko,0238,15,0.60,0.20,0.00,0.80,0.20,37,0.24,0.76,0.08,0.14,0.54,0.05
kaneko,0239,14,0.71,0.14,0.00,0.86,0.14,33,0.33,0.67,0.03,0.09,0.55,0.03
kaneko,0240,15,0.53,0.07,0.20,0.80,0.20,42,0.19,0.81,0.10,0.14,0.57,0.07
kaneko,0241,17,0.71,0.18,0.06,0.94,0.06,33,0.36,0.64,0.09,0.03,0.51,0.03
kaneko,0242,16,0.56,0.38,0.00,0.94,0.06,41,0.22,0.78,0.17,0.04,0.57,0.04
kaneko,0243,18,0.83,0.11,0.00,0.94,0.06,54,0.28,0.72,0.04,0.04,0.65,0.02
kaneko,0244,13,0.54,0.23,0.00,0.77,0.23,34,0.21,0.79,0.12,0.16,0.52,0.10
kaneko,0245,19,0.47,0.11,0.16,0.74,0.26,44,0.20,0.80,0.14,0.17,0.49,0.08
kaneko,0246,16,0.56,0.25,0.12,0.94,0.06,47,0.19,0.81,0.15,0.04,0.62,0.04
kaneko,0247,17,0.59,0.18,0.06,0.82,0.18,43,0.23,0.77,0.09,0.12,0.56,0.05
kaneko,0248,20,0.70,0.15,0.00,0.85,0.15,43,0.33,0.67,0.07,0.09,0.51,0.02
kaneko,0249,16,0.62,0.06,0.19,0.88,0.12,40,0.25,0.75,0.10,0.08,0.57,0.03
kaneko,0250,19,0.58,0.16,0.00,0.74,0.26,41,0.27,0.73,0.10,0.17,0.47,0.07
kaneko,0251,18,0.67,0.17,0.06,0.89,0.11,61,0.20,0.80,0.07,0.08,0.66,0.05
kaneko,0252,14,0.71,0.14,0.07,0.93,0.07,25,0.40,0.60,0.16,0.03,0.41,0.03
kaneko,0253,12,0.58,0.25,0.00,0.83,0.17,28,0.25,0.75,0.11,0.11,0.54,0.04
kaneko,0254,12,0.58,0.08,0.00,0.67,0.33,22,0.32,0.68,0.05,0.21,0.42,0.03
kaneko,0255,17,0.35,0.41,0.06,0.82,0.18,55,0.11,0.89,0.15,0.13,0.61,0.08
kaneko,0256,15,0.60,0.13,0.07,0.80,0.20,32,0.28,0.72,0.09,0.12,0.50,0.03
kaneko,0257,17,0.59,0.12,0.06,0.76,0.24,30,0.33,0.67,0.10,0.13,0.43,0.00
kaneko,0258,18,0.44,0.17,0.11,0.72,0.28,49,0.16,0.84,0.08,0.21,0.55,0.09
kaneko,0259,14,0.64,0.07,0.21,0.93,0.07,31,0.29,0.71,0.13,0.04,0.54,0.01
kaneko,0260,14,0.64,0.07,0.00,0.71,0.29,31,0.29,0.71,0.03,0.19,0.48,0.06
kaneko,0261,16,0.50,0.31,0.00,0.81,0.19,44,0.20,0.80,0.09,0.13,0.57,0.06
kaneko,0262,16,0.56,0.19,0.06,0.81,0.19,38,0.24,0.76,0.11,0.12,0.53,0.04
kaneko,0263,15,0.67,0.13,0.13,0.93,0.07,51,0.20,0.80,0.08,0.05,0.68,0.03
kaneko,0264,18,0.50,0.06,0.11,0.67,0.33,33,0.27,0.73,0.06,0.22,0.44,0.01
kaneko,0265,17,0.41,0.12,0.12,0.65,0.35,36,0.19,0.81,0.11,0.25,0.45,0.08
kaneko,0266,17,0.82,0.00,0.06,0.88,0.12,32,0.44,0.56,0.03,0.06,0.47,0.00
kaneko,0267,16,0.81,0.12,0.06,1.00,0.00,35,0.37,0.63,0.14,0.00,0.49,0.06
kaneko,0268,20,0.30,0.15,0.20,0.65,0.35,71,0.08,0.92,0.08,0.29,0.54,0.18
kaneko,0269,16,0.50,0.06,0.25,0.81,0.19,33,0.24,0.76,0.15,0.11,0.49,0.02
kaneko,0270,16,0.69,0.00,0.06,0.75,0.25,33,0.33,0.67,0.03,0.16,0.48,0.04
kaneko,0271,18,0.44,0.39,0.11,0.94,0.06,48,0.17,0.83,0.19,0.04,0.61,0.02
kaneko,0272,18,0.61,0.06,0.06,0.72,0.28,45,0.24,0.76,0.04,0.20,0.51,0.09
kaneko,0273,20,0.55,0.15,0.10,0.80,0.20,48,0.23,0.77,0.10,0.13,0.53,0.05
kaneko,0274,18,0.56,0.22,0.17,0.94,0.06,40,0.25,0.75,0.15,0.03,0.57,0.02
kaneko,0275,17,0.59,0.18,0.00,0.76,0.24,39,0.26,0.74,0.08,0.16,0.51,0.05
kaneko,0276,19,0.68,0.11,0.00,0.79,0.21,43,0.30,0.70,0.02,0.14,0.53,0.03
kaneko,0277,16,0.44,0.31,0.12,0.88,0.12,33,0.21,0.79,0.24,0.07,0.48,0.04
kaneko,0278,14,0.79,0.07,0.00,0.86,0.14,43,0.26,0.74,0.02,0.10,0.62,0.06
kaneko,0279,17,0.47,0.12,0.12,0.71,0.29,42,0.19,0.81,0.10,0.21,0.50,0.09
kaneko,0280,16,0.31,0.44,0.06,0.81,0.19,25,0.20,0.80,0.32,0.09,0.39,0.03
kaneko,0281,14,0.71,0.07,0.07,0.86,0.14,36,0.28,0.72,0.06,0.10,0.57,0.04
kaneko,0282,14,0.57,0.21,0.00,0.79,0.21,25,0.32,0.68,0.12,0.12,0.44,0.00
kaneko,0283,14,0.64,0.14,0.00,0.79,0.21,36,0.25,0.75,0.08,0.14,0.52,0.09
kaneko,0284,13,1.00,0.00,0.00,1.00,0.00,24,0.54,0.46,0.00,0.00,0.46,0.00
kaneko,0285,16,0.69,0.06,0.12,0.88,0.12,38,0.29,0.71,0.08,0.08,0.55,0.03
kaneko,0286,15,0.60,0.13,0.07,0.80,0.20,34,0.26,0.74,0.09,0.13,0.52,0.04
kaneko,0287,18,0.72,0.06,0.06,0.83,0.17,43,0.30,0.70,0.07,0.10,0.52,0.06
kaneko,0288,16,0.44,0.25,0.06,0.75,0.25,39,0.18,0.82,0.13,0.17,0.52,0.07
kaneko,0289,17,0.71,0.12,0.06,0.88,0.12,31,0.39,0.61,0.10,0.06,0.46,0.00
kaneko,0290,17,0.53,0.18,0.18,0.88,0.12,36,0.25,0.75,0.17,0.07,0.51,0.01
kaneko,0291,17,0.59,0.06,0.12,0.76,0.24,34,0.29,0.71,0.09,0.15,0.47,0.03
kaneko,0292,15,0.60,0.13,0.07,0.80,0.20,25,0.36,0.64,0.12,0.10,0.42,0.02
kaneko,0293,15,0.67,0.13,0.07,0.87,0.13,39,0.26,0.74,0.08,0.09,0.58,0.04
kaneko,0294,13,0.69,0.00,0.00,0.69,0.31,34,0.26,0.74,0.00,0.23,0.51,0.11
kaneko,0295,20,0.55,0.20,0.05,0.80,0.20,37,0.32,0.68,0.11,0.11,0.45,0.01
kaneko,0296,15,0.67,0.13,0.00,0.80,0.20,27,0.37,0.63,0.07,0.11,0.44,0.00
kaneko,0297,16,0.62,0.38,0.00,1.00,0.00,36,0.28,0.72,0.17,0.00,0.56,0.00
kaneko,0298,15,0.53,0.07,0.07,0.67,0.33,49,0.16,0.84,0.04,0.27,0.53,0.16
kaneko,0299,16,0.62,0.19,0.12,0.94,0.06,47,0.21,0.79,0.11,0.04,0.64,0.02
kaneko,0300,15,0.67,0.13,0.13,0.93,0.07,28,0.36,0.64,0.18,0.03,0.43,0.03
kaneko,0301,18,0.44,0.11,0.28,0.83,0.17,25,0.32,0.68,0.28,0.07,0.33,0.05
kaneko,0302,16,0.62,0.06,0.06,0.75,0.25,46,0.22,0.78,0.02,0.19,0.57,0.08
kaneko,0303,15,0.60,0.20,0.00,0.80,0.20,33,0.27,0.73,0.09,0.13,0.51,0.04
kaneko,0304,15,0.73,0.20,0.07,1.00,0.00,44,0.25,0.75,0.09,0.00,0.66,0.00
kaneko,0305,16,0.62,0.25,0.00,0.88,0.12,57,0.18,0.82,0.07,0.09,0.66,0.06
kaneko,0306,16,0.69,0.19,0.00,0.88,0.12,31,0.35,0.65,0.10,0.07,0.48,0.00
kaneko,0307,20,0.90,0.00,0.05,0.95,0.05,30,0.63,0.37,0.03,0.02,0.32,0.02
kaneko,0308,20,0.70,0.05,0.15,0.90,0.10,41,0.32,0.68,0.17,0.05,0.46,0.05
kaneko,0309,19,0.68,0.05,0.11,0.84,0.16,39,0.33,0.67,0.10,0.09,0.48,0.04
kaneko,0310,16,0.62,0.12,0.12,0.88,0.12,39,0.26,0.74,0.10,0.08,0.56,0.03
kaneko,0311,14,0.57,0.21,0.00,0.79,0.21,26,0.31,0.69,0.12,0.12,0.45,0.01
kaneko,0312,17,0.76,0.06,0.00,0.82,0.18,22,0.59,0.41,0.05,0.06,0.30,0.07
kaneko,0313,18,0.67,0.11,0.11,0.89,0.11,39,0.31,0.69,0.10,0.07,0.52,0.01
kaneko,0314,13,0.92,0.00,0.00,0.92,0.08,24,0.50,0.50,0.00,0.04,0.46,0.00
kaneko,0315,17,0.76,0.12,0.06,0.94,0.06,33,0.42,0.58,0.09,0.03,0.46,0.03
kaneko,0316,16,0.44,0.19,0.19,0.81,0.19,33,0.21,0.79,0.18,0.11,0.49,0.02
kaneko,0317,15,0.67,0.13,0.00,0.80,0.20,27,0.37,0.63,0.07,0.11,0.44,0.00
kaneko,0318,16,0.44,0.19,0.06,0.69,0.31,31,0.23,0.77,0.16,0.19,0.42,0.06
kaneko,0319,16,0.38,0.06,0.19,0.62,0.38,36,0.17,0.83,0.11,0.27,0.45,0.10
kaneko,0320,15,0.87,0.07,0.07,1.00,0.00,25,0.52,0.48,0.08,0.00,0.40,0.00
kaneko,0321,17,0.71,0.06,0.06,0.82,0.18,26,0.46,0.54,0.08,0.08,0.38,0.03
kaneko,0322,17,0.41,0.29,0.06,0.76,0.24,31,0.23,0.77,0.19,0.14,0.44,0.01
kaneko,0323,20,0.65,0.15,0.05,0.85,0.15,32,0.44,0.56,0.12,0.07,0.37,0.00
kaneko,0324,16,0.38,0.25,0.00,0.62,0.38,32,0.19,0.81,0.16,0.25,0.41,0.09
kaneko,0325,13,0.77,0.00,0.00,0.77,0.23,27,0.37,0.63,0.00,0.15,0.48,0.03
kaneko,0326,15,0.40,0.20,0.13,0.73,0.27,35,0.23,0.77,0.09,0.18,0.50,0.07
kaneko,0327,17,0.65,0.06,0.06,0.76,0.24,29,0.38,0.62,0.07,0.13,0.42,0.01
kaneko,0328,15,0.60,0.13,0.07,0.80,0.20,36,0.25,0.75,0.08,0.13,0.53,0.05
kaneko,0329,16,0.69,0.19,0.00,0.88,0.12,51,0.24,0.76,0.08,0.09,0.60,0.09
kaneko,0330,18,0.72,0.17,0.00,0.89,0.11,32,0.41,0.59,0.09,0.06,0.44,0.01
kaneko,0331,18,0.50,0.33,0.06,0.89,0.11,55,0.16,0.84,0.15,0.08,0.61,0.06
kaneko,0332,15,0.73,0.13,0.13,1.00,0.00,33,0.33,0.67,0.12,0.00,0.55,0.00
kaneko,0333,19,0.74,0.11,0.00,0.84,0.16,46,0.30,0.70,0.07,0.10,0.53,0.06
kaneko,0334,16,0.38,0.19,0.12,0.69,0.31,27,0.22,0.78,0.15,0.20,0.43,0.03
kaneko,0335,19,0.63,0.16,0.05,0.84,0.16,50,0.24,0.76,0.10,0.10,0.56,0.06
kaneko,0336,18,0.61,0.22,0.06,0.89,0.11,46,0.24,0.76,0.11,0.07,0.58,0.03
kaneko,0337,19,0.63,0.21,0.05,0.89,0.11,31,0.39,0.61,0.16,0.05,0.40,0.02
kaneko,0338,21,0.62,0.19,0.05,0.86,0.14,46,0.30,0.70,0.11,0.08,0.50,0.04
kaneko,0339,17,0.65,0.06,0.12,0.82,0.18,32,0.34,0.66,0.09,0.10,0.46,0.01
kaneko,0340,17,0.53,0.12,0.00,0.65,0.35,45,0.22,0.78,0.04,0.26,0.47,0.15
kaneko,0341,14,0.71,0.14,0.07,0.93,0.07,68,0.15,0.85,0.04,0.06,0.75,0.04
kaneko,0342,17,0.47,0.18,0.24,0.88,0.12,32,0.25,0.75,0.22,0.06,0.47,0.00
kaneko,0343,20,0.45,0.20,0.25,0.90,0.10,45,0.20,0.80,0.18,0.06,0.56,0.00
kaneko,0344,18,0.61,0.11,0.06,0.78,0.22,30,0.37,0.63,0.13,0.11,0.39,0.01
kaneko,0345,13,0.54,0.15,0.15,0.85,0.15,19,0.37,0.63,0.21,0.06,0.36,0.04
kaneko,0346,17,0.53,0.24,0.18,0.94,0.06,66,0.15,0.85,0.11,0.04,0.70,0.04
kaneko,0347,15,0.33,0.20,0.20,0.73,0.27,33,0.09,0.91,0.27,0.17,0.47,0.08
kaneko,0348,14,0.57,0.07,0.21,0.86,0.14,47,0.17,0.83,0.06,0.11,0.66,0.05
kaneko,0349,14,0.50,0.21,0.14,0.86,0.14,41,0.17,0.83,0.12,0.10,0.61,0.05
kaneko,0350,17,0.71,0.06,0.12,0.88,0.12,34,0.35,0.65,0.06,0.07,0.52,0.02
kaneko,0351,13,0.69,0.08,0.23,1.00,0.00,36,0.25,0.75,0.11,0.00,0.64,0.00
kaneko,0352,18,0.56,0.17,0.06,0.78,0.22,29,0.34,0.66,0.14,0.11,0.40,0.02
kaneko,0353,17,0.35,0.29,0.06,0.71,0.29,39,0.15,0.85,0.18,0.20,0.47,0.09
kaneko,0354,18,0.50,0.11,0.06,0.67,0.33,60,0.15,0.85,0.05,0.27,0.53,0.17
kaneko,0355,18,0.67,0.17,0.06,0.89,0.11,76,0.17,0.83,0.05,0.09,0.69,0.07
kaneko,0356,19,0.58,0.16,0.11,0.84,0.16,62,0.18,0.82,0.08,0.12,0.62,0.07
kaneko,0357,14,0.57,0.14,0.21,0.93,0.07,48,0.17,0.83,0.10,0.05,0.68,0.03
kaneko,0358,16,0.69,0.06,0.12,0.88,0.12,42,0.29,0.71,0.10,0.08,0.54,0.08
kaneko,0359,14,0.57,0.29,0.00,0.86,0.14,33,0.27,0.73,0.12,0.09,0.52,0.06
kaneko,0360,13,0.77,0.00,0.15,0.92,0.08,24,0.42,0.58,0.12,0.04,0.42,0.04
kaneko,0361,15,0.80,0.07,0.00,0.87,0.13,30,0.43,0.57,0.03,0.07,0.46,0.04
kaneko,0362,16,0.75,0.19,0.06,1.00,0.00,43,0.30,0.70,0.07,0.00,0.63,0.00
kaneko,0363,15,0.60,0.07,0.20,0.87,0.13,26,0.35,0.65,0.15,0.07,0.43,0.01
kaneko,0364,14,0.71,0.07,0.14,0.93,0.07,97,0.10,0.90,0.03,0.06,0.80,0.05
kaneko,0365,17,0.76,0.00,0.00,0.76,0.24,46,0.28,0.72,0.00,0.17,0.55,0.08
kaneko,0366,17,0.88,0.00,0.00,0.88,0.12,45,0.33,0.67,0.04,0.07,0.55,0.07
kaneko,0367,15,0.60,0.13,0.07,0.80,0.20,46,0.20,0.80,0.07,0.15,0.59,0.08
kaneko,0368,14,0.50,0.21,0.21,0.93,0.07,38,0.18,0.82,0.18,0.05,0.59,0.05
kaneko,0369,16,0.62,0.19,0.12,0.94,0.06,66,0.15,0.85,0.08,0.05,0.72,0.03
kaneko,0370,13,0.77,0.08,0.15,1.00,0.00,46,0.22,0.78,0.07,0.00,0.72,0.00
kaneko,0371,15,0.60,0.20,0.07,0.87,0.13,47,0.19,0.81,0.09,0.10,0.63,0.05
kaneko,0372,16,0.56,0.06,0.12,0.75,0.25,42,0.21,0.79,0.05,0.18,0.55,0.07
kaneko,0373,20,0.65,0.10,0.10,0.85,0.15,38,0.34,0.66,0.11,0.08,0.47,0.00
kaneko,0374,14,0.50,0.14,0.14,0.79,0.21,34,0.21,0.79,0.12,0.14,0.53,0.06
kaneko,0375,17,0.41,0.24,0.12,0.76,0.24,56,0.12,0.88,0.11,0.18,0.59,0.11
kaneko,0376,13,0.23,0.23,0.08,0.54,0.46,27,0.11,0.89,0.19,0.32,0.38,0.14
kaneko,0377,17,0.24,0.29,0.12,0.65,0.35,67,0.06,0.94,0.09,0.30,0.55,0.20
kaneko,0378,16,0.62,0.06,0.19,0.88,0.12,49,0.20,0.80,0.08,0.09,0.62,0.05
kaneko,0379,13,0.54,0.00,0.15,0.69,0.31,53,0.13,0.87,0.04,0.26,0.57,0.18
kaneko,0380,15,0.73,0.13,0.07,0.93,0.07,38,0.29,0.71,0.11,0.04,0.56,0.04
kaneko,0381,15,0.73,0.00,0.07,0.80,0.20,31,0.39,0.61,0.03,0.12,0.46,0.05
kaneko,0382,19,0.58,0.21,0.00,0.79,0.21,72,0.15,0.85,0.06,0.17,0.62,0.11
kaneko,0383,19,0.58,0.16,0.16,0.89,0.11,43,0.26,0.74,0.14,0.06,0.54,0.02
kaneko,0384,11,0.64,0.18,0.09,0.91,0.09,22,0.32,0.68,0.14,0.05,0.50,0.00
kaneko,0385,13,0.62,0.15,0.08,0.85,0.15,27,0.30,0.70,0.11,0.09,0.50,0.02
kaneko,0386,16,0.56,0.06,0.12,0.75,0.25,46,0.20,0.80,0.07,0.18,0.55,0.10
kaneko,0387,14,0.57,0.14,0.07,0.79,0.21,43,0.19,0.81,0.09,0.15,0.57,0.11
kaneko,0388,18,0.56,0.22,0.00,0.78,0.22,51,0.20,0.80,0.10,0.16,0.55,0.10
kaneko,0389,22,0.64,0.09,0.00,0.73,0.27,52,0.29,0.71,0.06,0.18,0.48,0.10
kaneko,0390,15,0.53,0.27,0.07,0.87,0.13,51,0.18,0.82,0.12,0.09,0.61,0.09
kaneko,0391,16,0.50,0.06,0.00,0.56,0.44,49,0.16,0.84,0.02,0.36,0.46,0.21
kaneko,0392,17,0.71,0.18,0.06,0.94,0.06,45,0.27,0.73,0.09,0.04,0.61,0.02
kaneko,0393,17,0.71,0.18,0.00,0.88,0.12,61,0.20,0.80,0.07,0.09,0.65,0.07
kaneko,0394,12,0.42,0.08,0.08,0.58,0.42,38,0.13,0.87,0.05,0.34,0.48,0.21
kaneko,0395,17,0.35,0.35,0.12,0.82,0.18,55,0.11,0.89,0.16,0.13,0.60,0.09
kaneko,0396,16,0.69,0.06,0.06,0.81,0.19,31,0.35,0.65,0.06,0.11,0.47,0.01
kaneko,0397,16,0.69,0.12,0.06,0.88,0.12,34,0.32,0.68,0.06,0.08,0.54,0.01
kaneko,0398,19,0.53,0.21,0.00,0.74,0.26,51,0.20,0.80,0.08,0.19,0.53,0.09
kaneko,0399,16,0.69,0.06,0.06,0.81,0.19,46,0.26,0.74,0.04,0.13,0.57,0.09
kaneko,0400,16,0.38,0.19,0.31,0.88,0.12,40,0.15,0.85,0.23,0.08,0.55,0.05
kaneko,0401,16,0.75,0.00,0.06,0.81,0.19,33,0.36,0.64,0.06,0.11,0.47,0.05
kaneko,0402,15,0.33,0.07,0.13,0.53,0.47,44,0.11,0.89,0.09,0.37,0.42,0.23
kaneko,0403,15,0.67,0.20,0.07,0.93,0.07,41,0.24,0.76,0.12,0.04,0.59,0.04
kaneko,0404,18,0.56,0.06,0.22,0.83,0.17,40,0.25,0.75,0.12,0.10,0.52,0.03
kaneko,0405,17,0.59,0.06,0.06,0.71,0.29,52,0.19,0.81,0.02,0.23,0.56,0.12
kaneko,0406,17,0.41,0.29,0.00,0.71,0.29,47,0.15,0.85,0.11,0.22,0.53,0.11
kaneko,0407,15,0.60,0.13,0.07,0.80,0.20,43,0.23,0.77,0.05,0.14,0.58,0.07
kaneko,0408,11,1.00,0.00,0.00,1.00,0.00,35,0.31,0.69,0.00,0.00,0.69,0.00
kaneko,0409,12,0.67,0.17,0.08,0.92,0.08,29,0.34,0.66,0.07,0.05,0.54,0.05
kaneko,0410,19,0.42,0.05,0.16,0.63,0.37,29,0.28,0.72,0.14,0.22,0.37,0.03
kaneko,0411,20,0.50,0.15,0.10,0.75,0.25,45,0.22,0.78,0.11,0.17,0.50,0.06
kaneko,0412,18,0.67,0.11,0.17,0.94,0.06,71,0.17,0.83,0.07,0.04,0.72,0.03
kaneko,0413,13,0.77,0.00,0.08,0.85,0.15,37,0.27,0.73,0.05,0.10,0.57,0.08
kaneko,0414,16,0.56,0.19,0.19,0.94,0.06,31,0.29,0.71,0.19,0.03,0.48,0.00
kaneko,0415,15,0.60,0.13,0.07,0.80,0.20,37,0.24,0.76,0.11,0.13,0.52,0.08
kaneko,0416,16,0.44,0.12,0.12,0.69,0.31,33,0.21,0.79,0.12,0.21,0.46,0.06
kaneko,0417,13,0.69,0.00,0.15,0.85,0.15,54,0.17,0.83,0.04,0.12,0.67,0.09
kaneko,0418,13,0.54,0.23,0.00,0.77,0.23,40,0.23,0.78,0.07,0.16,0.54,0.14
kaneko,0419,17,0.71,0.06,0.18,0.94,0.06,41,0.29,0.71,0.12,0.03,0.55,0.03
kaneko,0420,15,0.67,0.20,0.00,0.87,0.13,55,0.18,0.82,0.05,0.10,0.66,0.07
kaneko,0421,18,0.44,0.17,0.11,0.72,0.28,70,0.13,0.87,0.07,0.22,0.58,0.17
kaneko,0422,17,0.59,0.12,0.24,0.94,0.06,37,0.27,0.73,0.16,0.03,0.53,0.01
kaneko,0423,16,0.25,0.19,0.06,0.50,0.50,35,0.11,0.89,0.11,0.39,0.39,0.16
kaneko,0424,17,0.59,0.06,0.12,0.76,0.24,34,0.29,0.71,0.09,0.15,0.47,0.03
kaneko,0425,17,0.53,0.12,0.12,0.76,0.24,55,0.16,0.84,0.07,0.18,0.58,0.11
kaneko,0426,17,0.53,0.06,0.12,0.71,0.29,37,0.24,0.76,0.08,0.20,0.48,0.06
kaneko,0427,17,0.71,0.06,0.06,0.82,0.18,36,0.33,0.67,0.06,0.11,0.50,0.02
kaneko,0428,14,0.57,0.07,0.07,0.71,0.29,32,0.28,0.72,0.06,0.19,0.47,0.09
kaneko,0429,15,0.60,0.00,0.07,0.67,0.33,29,0.31,0.69,0.03,0.22,0.44,0.05
kaneko,0430,14,0.71,0.07,0.00,0.79,0.21,29,0.31,0.69,0.07,0.13,0.49,0.03
kaneko,0431,17,0.76,0.00,0.06,0.82,0.18,31,0.42,0.58,0.03,0.10,0.45,0.00
kaneko,0432,16,0.75,0.06,0.12,0.94,0.06,27,0.44,0.56,0.11,0.03,0.42,0.01
kaneko,0433,15,0.67,0.13,0.07,0.87,0.13,28,0.36,0.64,0.14,0.07,0.43,0.03
kaneko,0434,17,0.59,0.24,0.06,0.88,0.12,37,0.27,0.73,0.14,0.07,0.52,0.02
kaneko,0435,16,0.62,0.12,0.12,0.88,0.12,35,0.29,0.71,0.11,0.07,0.53,0.02
kaneko,0436,17,0.53,0.24,0.24,1.00,0.00,39,0.23,0.77,0.21,0.00,0.56,0.00
kaneko,0437,20,0.80,0.15,0.00,0.95,0.05,30,0.53,0.47,0.10,0.02,0.35,0.02
kaneko,0438,17,0.65,0.12,0.18,0.94,0.06,29,0.38,0.62,0.17,0.03,0.42,0.01
kaneko,0439,15,0.67,0.13,0.13,0.93,0.07,27,0.37,0.63,0.15,0.03,0.45,0.00
kaneko,0440,18,0.72,0.06,0.00,0.78,0.22,46,0.30,0.70,0.02,0.15,0.52,0.08
kaneko,0441,17,0.41,0.35,0.00,0.76,0.24,28,0.25,0.75,0.25,0.12,0.38,0.01
kaneko,0442,19,0.47,0.11,0.00,0.58,0.42,31,0.29,0.71,0.06,0.27,0.37,0.01
kaneko,0443,16,0.50,0.25,0.06,0.81,0.19,30,0.23,0.77,0.20,0.11,0.46,0.01
kaneko,0444,17,0.41,0.00,0.12,0.53,0.47,41,0.17,0.83,0.07,0.36,0.40,0.19
kaneko,0445,20,0.30,0.45,0.00,0.75,0.25,61,0.10,0.90,0.15,0.19,0.57,0.11
kaneko,0446,18,0.56,0.17,0.06,0.78,0.22,24,0.42,0.58,0.17,0.09,0.32,0.07
kaneko,0447,18,0.67,0.17,0.06,0.89,0.11,31,0.39,0.61,0.16,0.05,0.40,0.02
kaneko,0448,17,0.65,0.24,0.12,1.00,0.00,53,0.23,0.77,0.13,0.00,0.64,0.04
kaneko,0449,14,0.50,0.14,0.00,0.64,0.36,38,0.18,0.82,0.05,0.27,0.49,0.14
kaneko,0450,14,0.57,0.14,0.00,0.71,0.29,20,0.40,0.60,0.10,0.14,0.36,0.06
kaneko,0451,13,0.69,0.08,0.08,0.85,0.15,30,0.30,0.70,0.10,0.09,0.51,0.06
kaneko,0452,13,0.69,0.15,0.00,0.85,0.15,30,0.30,0.70,0.07,0.10,0.54,0.03
kaneko,0453,20,0.85,0.10,0.00,0.95,0.05,40,0.42,0.57,0.07,0.02,0.47,0.03
kaneko,0454,16,0.38,0.25,0.12,0.75,0.25,27,0.22,0.78,0.22,0.14,0.42,0.01
kaneko,0455,15,0.53,0.13,0.20,0.87,0.13,33,0.24,0.76,0.12,0.08,0.55,0.01
kaneko,0456,16,0.50,0.12,0.12,0.75,0.25,32,0.25,0.75,0.12,0.16,0.47,0.03
kaneko,0457,18,0.67,0.22,0.06,0.94,0.06,32,0.38,0.62,0.16,0.03,0.44,0.01
kaneko,0458,16,0.62,0.31,0.00,0.94,0.06,47,0.21,0.79,0.13,0.04,0.62,0.04
kaneko,0459,19,0.74,0.16,0.05,0.95,0.05,53,0.26,0.74,0.08,0.03,0.63,0.02
kaneko,0460,15,0.53,0.20,0.07,0.80,0.20,33,0.24,0.76,0.12,0.13,0.51,0.04
kaneko,0461,15,0.53,0.20,0.13,0.87,0.13,28,0.29,0.71,0.21,0.07,0.43,0.03
kaneko,0462,17,0.47,0.06,0.12,0.65,0.35,30,0.27,0.73,0.10,0.22,0.41,0.02
kaneko,0463,17,0.53,0.18,0.12,0.82,0.18,48,0.19,0.81,0.12,0.12,0.57,0.08
kaneko,0464,18,0.39,0.39,0.00,0.78,0.22,41,0.17,0.83,0.17,0.15,0.51,0.05
kaneko,0465,14,0.50,0.43,0.00,0.93,0.07,48,0.15,0.85,0.15,0.05,0.66,0.05
kaneko,0466,16,0.50,0.31,0.00,0.81,0.19,41,0.20,0.80,0.15,0.12,0.54,0.07
kaneko,0467,17,0.59,0.18,0.18,0.94,0.06,38,0.26,0.74,0.18,0.03,0.52,0.03
kaneko,0468,18,0.44,0.22,0.11,0.78,0.22,45,0.18,0.82,0.16,0.15,0.52,0.08
kaneko,0469,14,0.64,0.07,0.07,0.79,0.21,24,0.38,0.62,0.08,0.12,0.43,0.01
kaneko,0470,19,0.68,0.16,0.05,0.89,0.11,74,0.18,0.82,0.05,0.08,0.69,0.05
kaneko,0471,14,0.71,0.07,0.07,0.86,0.14,37,0.27,0.73,0.05,0.10,0.58,0.04
kaneko,0472,16,0.56,0.19,0.12,0.88,0.12,35,0.29,0.71,0.14,0.07,0.50,0.04
kaneko,0473,15,0.67,0.13,0.20,1.00,0.00,47,0.21,0.79,0.13,0.00,0.66,0.02
kaneko,0474,15,0.67,0.00,0.13,0.80,0.20,50,0.20,0.80,0.04,0.15,0.61,0.09
kaneko,0475,17,0.59,0.18,0.00,0.76,0.24,42,0.26,0.74,0.12,0.15,0.47,0.12
kaneko,0476,18,0.56,0.17,0.06,0.78,0.22,31,0.35,0.65,0.16,0.11,0.38,0.04
kaneko,0477,16,0.44,0.19,0.00,0.62,0.38,47,0.17,0.83,0.09,0.28,0.47,0.19
kaneko,0478,17,0.71,0.24,0.00,0.94,0.06,32,0.38,0.62,0.12,0.03,0.47,0.00
kaneko,0479,15,0.53,0.27,0.00,0.80,0.20,29,0.28,0.72,0.14,0.12,0.47,0.01
kaneko,0480,16,0.50,0.25,0.06,0.81,0.19,36,0.22,0.78,0.14,0.12,0.52,0.04
kaneko,0481,15,0.53,0.27,0.07,0.87,0.13,34,0.24,0.76,0.15,0.08,0.54,0.02
kaneko,0482,14,0.43,0.14,0.21,0.79,0.21,35,0.17,0.83,0.17,0.14,0.52,0.08
kaneko,0483,20,0.60,0.05,0.00,0.65,0.35,72,0.17,0.83,0.01,0.29,0.53,0.19
kaneko,0484,17,0.59,0.18,0.12,0.88,0.12,33,0.30,0.70,0.15,0.06,0.48,0.00
kaneko,0485,16,0.62,0.12,0.00,0.75,0.25,34,0.29,0.71,0.06,0.16,0.49,0.04
kaneko,0486,18,0.61,0.11,0.06,0.78,0.22,38,0.32,0.68,0.11,0.13,0.45,0.08
kaneko,0487,15,0.67,0.20,0.07,0.93,0.07,40,0.28,0.72,0.10,0.04,0.58,0.04
kaneko,0488,16,0.50,0.19,0.19,0.88,0.12,32,0.28,0.72,0.19,0.07,0.46,0.04
kaneko,0489,17,0.65,0.29,0.06,1.00,0.00,51,0.22,0.78,0.12,0.00,0.67,0.00
kaneko,0490,21,0.57,0.10,0.10,0.76,0.24,42,0.29,0.71,0.10,0.15,0.47,0.03
kaneko,0491,13,0.54,0.23,0.08,0.85,0.15,70,0.11,0.89,0.07,0.13,0.69,0.13
kaneko,0492,15,0.60,0.27,0.00,0.87,0.13,49,0.18,0.82,0.10,0.10,0.62,0.07
kaneko,0493,21,0.57,0.19,0.10,0.86,0.14,55,0.22,0.78,0.11,0.10,0.58,0.04
kaneko,0494,18,0.72,0.17,0.00,0.89,0.11,43,0.28,0.72,0.09,0.07,0.56,0.02
kaneko,0495,13,0.69,0.08,0.15,0.92,0.08,28,0.32,0.68,0.11,0.04,0.53,0.01
kaneko,0496,15,0.87,0.07,0.00,0.93,0.07,43,0.30,0.70,0.05,0.04,0.61,0.04
kaneko,0497,19,0.63,0.00,0.11,0.74,0.26,54,0.22,0.78,0.04,0.19,0.55,0.10
kaneko,0498,20,0.45,0.10,0.20,0.75,0.25,38,0.26,0.74,0.16,0.14,0.43,0.04
kaneko,0499,13,0.23,0.15,0.08,0.46,0.54,37,0.08,0.92,0.08,0.45,0.39,0.26
kaneko,0500,17,0.53,0.18,0.18,0.88,0.12,68,0.13,0.87,0.09,0.09,0.69,0.06
kaneko,0501,18,0.50,0.22,0.28,1.00,0.00,46,0.20,0.80,0.20,0.00,0.61,0.00
kaneko,0502,18,0.72,0.00,0.06,0.78,0.22,69,0.19,0.81,0.01,0.18,0.62,0.12
kaneko,0503,18,0.39,0.11,0.17,0.67,0.33,60,0.12,0.88,0.08,0.27,0.53,0.17
kaneko,0504,17,0.65,0.18,0.06,0.88,0.12,45,0.24,0.76,0.09,0.08,0.59,0.03
kaneko,0505,15,0.33,0.20,0.07,0.60,0.40,35,0.14,0.86,0.14,0.29,0.43,0.14
kaneko,0506,15,0.53,0.00,0.13,0.67,0.33,29,0.28,0.72,0.07,0.22,0.44,0.05
kaneko,0507,17,0.47,0.35,0.06,0.88,0.12,72,0.11,0.89,0.10,0.09,0.70,0.07
kaneko,0508,14,0.36,0.14,0.21,0.71,0.29,40,0.12,0.88,0.17,0.20,0.50,0.15
kaneko,0509,16,0.56,0.31,0.06,0.94,0.06,44,0.23,0.77,0.14,0.04,0.60,0.04
kaneko,0510,17,0.65,0.18,0.06,0.88,0.12,62,0.18,0.82,0.06,0.09,0.67,0.06
kaneko,0511,15,0.47,0.40,0.07,0.93,0.07,46,0.15,0.85,0.15,0.05,0.65,0.02
kaneko,0512,21,0.52,0.19,0.00,0.71,0.29,58,0.21,0.79,0.07,0.21,0.52,0.12
kaneko,0513,15,0.67,0.20,0.00,0.87,0.13,36,0.28,0.72,0.08,0.09,0.55,0.03
kaneko,0514,16,0.50,0.12,0.19,0.81,0.19,35,0.23,0.77,0.14,0.12,0.51,0.03
kaneko,0515,14,0.71,0.07,0.07,0.86,0.14,40,0.25,0.75,0.05,0.10,0.60,0.05
kaneko,0516,17,0.59,0.12,0.18,0.88,0.12,65,0.17,0.83,0.11,0.09,0.64,0.10
kaneko,0517,15,0.60,0.13,0.07,0.80,0.20,31,0.29,0.71,0.10,0.12,0.49,0.03
kaneko,0518,16,0.38,0.25,0.06,0.69,0.31,55,0.11,0.89,0.09,0.25,0.55,0.16
kaneko,0519,15,0.53,0.20,0.13,0.87,0.13,37,0.22,0.78,0.16,0.08,0.54,0.06
kaneko,0520,20,0.30,0.15,0.10,0.55,0.45,28,0.21,0.79,0.21,0.26,0.31,0.03
kaneko,0521,16,0.44,0.06,0.12,0.62,0.38,27,0.26,0.74,0.11,0.24,0.39,0.01
kaneko,0522,16,0.75,0.19,0.00,0.94,0.06,50,0.26,0.74,0.06,0.04,0.64,0.04
kaneko,0523,19,0.47,0.32,0.05,0.84,0.16,34,0.26,0.74,0.18,0.09,0.47,0.03
kaneko,0524,14,0.57,0.21,0.07,0.86,0.14,44,0.18,0.82,0.09,0.10,0.62,0.06
kaneko,0525,20,0.80,0.00,0.10,0.90,0.10,43,0.40,0.60,0.05,0.06,0.50,0.03
kaneko,0526,15,0.60,0.13,0.07,0.80,0.20,45,0.20,0.80,0.07,0.15,0.59,0.08
kaneko,0527,15,0.53,0.20,0.13,0.87,0.13,38,0.21,0.79,0.13,0.09,0.57,0.04
kaneko,0528,20,0.55,0.20,0.10,0.85,0.15,51,0.22,0.78,0.12,0.10,0.57,0.04
kaneko,0529,19,0.63,0.26,0.11,1.00,0.00,41,0.29,0.71,0.17,0.00,0.54,0.00
kaneko,0530,16,0.56,0.19,0.12,0.88,0.12,53,0.17,0.83,0.09,0.09,0.64,0.05
kaneko,0531,18,0.61,0.22,0.06,0.89,0.11,76,0.14,0.86,0.07,0.09,0.70,0.06
kaneko,0532,18,0.67,0.11,0.06,0.83,0.17,62,0.21,0.79,0.05,0.12,0.62,0.09
kaneko,0533,17,0.71,0.06,0.06,0.82,0.18,26,0.46,0.54,0.08,0.08,0.38,0.03
kaneko,0534,18,0.33,0.17,0.00,0.50,0.50,57,0.11,0.89,0.05,0.42,0.42,0.26
kaneko,0535,16,0.81,0.12,0.00,0.94,0.06,37,0.35,0.65,0.08,0.04,0.53,0.04
kaneko,0536,14,0.50,0.29,0.14,0.93,0.07,39,0.18,0.82,0.21,0.04,0.57,0.07
kaneko,0537,13,0.77,0.00,0.08,0.85,0.15,28,0.36,0.64,0.04,0.09,0.51,0.02
kaneko,0538,16,0.75,0.12,0.06,0.94,0.06,40,0.30,0.70,0.07,0.04,0.59,0.01
kaneko,0539,17,0.59,0.12,0.12,0.82,0.18,55,0.18,0.82,0.07,0.13,0.61,0.08
kaneko,0540,15,0.47,0.13,0.13,0.73,0.27,42,0.17,0.83,0.12,0.19,0.52,0.12
kaneko,0541,15,0.67,0.00,0.13,0.80,0.20,44,0.23,0.77,0.05,0.15,0.58,0.08
kaneko,0542,16,0.50,0.25,0.06,0.81,0.19,23,0.35,0.65,0.22,0.08,0.35,0.05
kaneko,0543,15,0.40,0.13,0.07,0.60,0.40,39,0.15,0.85,0.10,0.30,0.45,0.17
kaneko,0544,16,0.44,0.31,0.06,0.81,0.19,65,0.12,0.88,0.09,0.15,0.64,0.12
kaneko,0545,16,0.31,0.38,0.25,0.94,0.06,43,0.12,0.88,0.23,0.04,0.61,0.02
kaneko,0546,16,0.69,0.12,0.00,0.81,0.19,30,0.37,0.63,0.10,0.10,0.43,0.03
kaneko,0547,20,0.75,0.00,0.05,0.80,0.20,42,0.36,0.64,0.02,0.12,0.50,0.03
kaneko,0548,19,0.79,0.16,0.00,0.95,0.05,40,0.38,0.62,0.07,0.03,0.52,0.00
kaneko,0549,19,0.58,0.05,0.05,0.68,0.32,56,0.21,0.79,0.04,0.24,0.51,0.15
kaneko,0550,14,0.43,0.21,0.21,0.86,0.14,41,0.15,0.85,0.15,0.10,0.61,0.05
kaneko,0551,18,0.56,0.06,0.17,0.78,0.22,40,0.25,0.75,0.10,0.14,0.51,0.04
kaneko,0552,19,0.32,0.26,0.26,0.84,0.16,40,0.15,0.85,0.23,0.10,0.53,0.00
kaneko,0553,16,0.50,0.38,0.00,0.88,0.12,32,0.28,0.72,0.22,0.06,0.44,0.06
kaneko,0554,14,0.57,0.00,0.00,0.57,0.43,48,0.17,0.83,0.00,0.36,0.48,0.23
kaneko,0555,17,0.59,0.06,0.18,0.82,0.18,48,0.21,0.79,0.08,0.12,0.58,0.06
kaneko,0556,17,0.71,0.12,0.06,0.88,0.12,47,0.26,0.74,0.06,0.08,0.60,0.04
kaneko,0557,16,0.56,0.25,0.00,0.81,0.19,60,0.15,0.85,0.07,0.15,0.64,0.10
kaneko,0558,14,0.43,0.36,0.07,0.86,0.14,40,0.15,0.85,0.17,0.10,0.58,0.07
kaneko,0559,16,0.25,0.38,0.06,0.69,0.31,36,0.11,0.89,0.19,0.22,0.48,0.08
kaneko,0560,17,0.47,0.24,0.12,0.82,0.18,31,0.26,0.74,0.19,0.10,0.45,0.00
kaneko,0561,15,0.67,0.07,0.13,0.87,0.13,41,0.27,0.73,0.07,0.09,0.57,0.06
kaneko,0562,16,0.44,0.31,0.06,0.81,0.19,44,0.16,0.84,0.14,0.13,0.57,0.06
kaneko,0563,17,0.59,0.18,0.12,0.88,0.12,32,0.31,0.69,0.16,0.06,0.47,0.00
kaneko,0564,16,0.56,0.19,0.12,0.88,0.12,27,0.33,0.67,0.19,0.06,0.42,0.01
kaneko,0565,19,0.89,0.00,0.05,0.95,0.05,31,0.55,0.45,0.03,0.02,0.40,0.01
kaneko,0566,18,0.78,0.00,0.06,0.83,0.17,38,0.37,0.63,0.03,0.10,0.50,0.02
kaneko,0567,16,0.50,0.19,0.19,0.88,0.12,52,0.15,0.85,0.12,0.09,0.64,0.05
kaneko,0568,16,0.75,0.12,0.00,0.88,0.12,40,0.30,0.70,0.10,0.07,0.52,0.08
kaneko,0569,17,0.41,0.18,0.18,0.76,0.24,72,0.11,0.89,0.11,0.18,0.59,0.17
kaneko,0570,17,0.71,0.00,0.12,0.82,0.18,33,0.36,0.64,0.06,0.10,0.47,0.01
kaneko,0571,15,0.47,0.20,0.07,0.73,0.27,41,0.17,0.83,0.12,0.19,0.52,0.12
kaneko,0572,15,0.47,0.33,0.00,0.80,0.20,50,0.14,0.86,0.10,0.15,0.61,0.09
kaneko,0573,16,0.50,0.31,0.12,0.94,0.06,50,0.16,0.84,0.14,0.04,0.66,0.02
kaneko,0574,18,0.61,0.28,0.06,0.94,0.06,42,0.29,0.71,0.12,0.03,0.56,0.01
kaneko,0575,18,0.61,0.11,0.17,0.89,0.11,30,0.37,0.63,0.17,0.05,0.41,0.01
kaneko,0576,14,0.36,0.36,0.00,0.71,0.29,47,0.11,0.89,0.13,0.22,0.55,0.16
kaneko,0577,19,0.42,0.32,0.05,0.79,0.21,40,0.20,0.80,0.17,0.13,0.49,0.03
kaneko,0578,16,0.56,0.19,0.06,0.81,0.19,33,0.27,0.73,0.15,0.11,0.47,0.05
kaneko,0579,15,0.60,0.20,0.13,0.93,0.07,43,0.21,0.79,0.12,0.04,0.63,0.02
kaneko,0580,15,0.60,0.20,0.07,0.87,0.13,47,0.21,0.79,0.06,0.10,0.63,0.05
kaneko,0581,17,0.47,0.18,0.18,0.82,0.18,27,0.30,0.70,0.22,0.08,0.40,0.03
kaneko,0582,17,0.71,0.18,0.06,0.94,0.06,42,0.29,0.71,0.10,0.04,0.58,0.01
kaneko,0583,18,0.72,0.06,0.11,0.89,0.11,34,0.38,0.62,0.09,0.06,0.47,0.00
kaneko,0584,19,0.68,0.05,0.16,0.89,0.11,50,0.26,0.74,0.12,0.07,0.55,0.07
kaneko,0585,16,0.44,0.19,0.12,0.75,0.25,28,0.25,0.75,0.21,0.13,0.40,0.03
kaneko,0586,13,0.77,0.08,0.15,1.00,0.00,23,0.43,0.57,0.13,0.00,0.43,0.00
kaneko,0587,15,0.60,0.33,0.07,1.00,0.00,42,0.24,0.76,0.14,0.00,0.62,0.02
kaneko,0588,17,0.65,0.18,0.12,0.94,0.06,75,0.15,0.85,0.07,0.05,0.74,0.03
kaneko,0589,16,0.44,0.25,0.06,0.75,0.25,87,0.08,0.92,0.06,0.22,0.65,0.17
kaneko,0590,17,0.71,0.18,0.06,0.94,0.06,31,0.39,0.61,0.13,0.03,0.46,0.00
kaneko,0591,16,0.56,0.19,0.00,0.75,0.25,55,0.16,0.84,0.05,0.20,0.59,0.12
kaneko,0592,17,0.65,0.12,0.12,0.88,0.12,31,0.35,0.65,0.10,0.06,0.48,0.03
kaneko,0593,17,0.65,0.12,0.12,0.88,0.12,40,0.28,0.72,0.10,0.07,0.55,0.02
kaneko,0594,13,0.38,0.15,0.00,0.54,0.46,20,0.25,0.75,0.10,0.30,0.35,0.00
kaneko,0595,19,0.68,0.16,0.05,0.89,0.11,42,0.31,0.69,0.10,0.06,0.53,0.02
kaneko,0596,17,0.71,0.12,0.00,0.82,0.18,30,0.40,0.60,0.07,0.09,0.44,0.01
kaneko,0597,15,0.53,0.13,0.13,0.80,0.20,31,0.26,0.74,0.13,0.12,0.49,0.03
kaneko,0598,14,0.43,0.29,0.14,0.86,0.14,47,0.15,0.85,0.13,0.10,0.62,0.08
kaneko,0599,15,0.33,0.40,0.00,0.73,0.27,34,0.15,0.85,0.18,0.18,0.50,0.06
kaneko,0600,16,0.50,0.19,0.06,0.75,0.25,60,0.13,0.87,0.10,0.19,0.57,0.16
kaneko,0601,15,0.27,0.27,0.27,0.80,0.20,35,0.11,0.89,0.23,0.13,0.53,0.05
kaneko,0602,18,0.67,0.17,0.06,0.89,0.11,37,0.32,0.68,0.14,0.06,0.48,0.03
kaneko,0603,18,0.61,0.17,0.06,0.83,0.17,74,0.15,0.85,0.07,0.13,0.65,0.10
kaneko,0604,18,0.67,0.06,0.00,0.72,0.28,47,0.26,0.74,0.02,0.20,0.52,0.09
kaneko,0605,17,0.53,0.18,0.00,0.71,0.29,52,0.19,0.81,0.06,0.22,0.53,0.14
kaneko,0606,15,0.27,0.40,0.13,0.80,0.20,35,0.11,0.89,0.23,0.13,0.53,0.05
kaneko,0607,15,0.60,0.20,0.13,0.93,0.07,48,0.19,0.81,0.08,0.05,0.68,0.01
kaneko,0608,19,0.21,0.53,0.21,0.95,0.05,55,0.07,0.93,0.27,0.03,0.62,0.03
kaneko,0609,17,0.65,0.12,0.12,0.88,0.12,49,0.22,0.78,0.08,0.08,0.61,0.04
kaneko,0610,16,0.44,0.06,0.12,0.62,0.38,30,0.23,0.77,0.13,0.24,0.40,0.07
kaneko,0611,18,0.78,0.06,0.06,0.89,0.11,38,0.37,0.63,0.08,0.06,0.49,0.04
kaneko,0612,15,0.33,0.33,0.13,0.80,0.20,50,0.12,0.88,0.14,0.15,0.59,0.11
kaneko,0613,18,0.33,0.22,0.06,0.61,0.39,40,0.15,0.85,0.12,0.28,0.44,0.11
kaneko,0614,16,0.69,0.06,0.12,0.88,0.12,46,0.24,0.76,0.07,0.09,0.61,0.04
kaneko,0615,17,0.41,0.24,0.06,0.71,0.29,52,0.13,0.87,0.10,0.23,0.54,0.13
kaneko,0616,19,0.79,0.05,0.16,1.00,0.00,59,0.27,0.73,0.07,0.00,0.66,0.02
kaneko,0617,15,0.80,0.07,0.00,0.87,0.13,51,0.25,0.75,0.02,0.10,0.63,0.08
kaneko,0618,15,0.67,0.27,0.00,0.93,0.07,77,0.13,0.87,0.05,0.05,0.76,0.04
kaneko,0619,18,0.67,0.17,0.06,0.89,0.11,40,0.30,0.70,0.15,0.06,0.49,0.06
kaneko,0620,14,0.36,0.14,0.21,0.71,0.29,45,0.11,0.89,0.16,0.21,0.52,0.17
kaneko,0621,17,0.53,0.24,0.12,0.88,0.12,55,0.16,0.84,0.11,0.09,0.64,0.05
kaneko,0622,20,0.55,0.30,0.15,1.00,0.00,61,0.20,0.80,0.15,0.00,0.66,0.02
kaneko,0623,20,0.40,0.20,0.15,0.75,0.25,67,0.12,0.88,0.09,0.20,0.59,0.11
kaneko,0624,19,0.74,0.00,0.16,0.89,0.11,52,0.27,0.73,0.08,0.07,0.59,0.05
kaneko,0625,13,0.54,0.31,0.15,1.00,0.00,41,0.17,0.83,0.17,0.00,0.66,0.02
kaneko,0626,16,0.44,0.25,0.19,0.88,0.12,58,0.12,0.88,0.12,0.09,0.66,0.06
kaneko,0627,17,0.35,0.41,0.06,0.82,0.18,56,0.11,0.89,0.16,0.13,0.60,0.09
kaneko,0628,14,0.57,0.21,0.00,0.79,0.21,37,0.22,0.78,0.08,0.15,0.55,0.07
kaneko,0629,14,0.36,0.00,0.14,0.50,0.50,41,0.12,0.88,0.07,0.40,0.40,0.26
kaneko,0630,20,0.60,0.10,0.15,0.85,0.15,37,0.35,0.65,0.14,0.08,0.44,0.02
kaneko,0631,19,0.53,0.11,0.05,0.68,0.32,48,0.21,0.79,0.08,0.22,0.48,0.12
kaneko,0632,17,0.29,0.29,0.06,0.65,0.35,27,0.19,0.81,0.30,0.18,0.34,0.03
kaneko,0633,14,0.71,0.14,0.00,0.86,0.14,36,0.28,0.72,0.06,0.10,0.57,0.04
kaneko,0634,14,0.50,0.07,0.21,0.79,0.21,35,0.20,0.80,0.14,0.14,0.52,0.08
kaneko,0635,20,0.55,0.30,0.05,0.90,0.10,54,0.22,0.78,0.13,0.06,0.58,0.05
kaneko,0636,18,0.39,0.22,0.11,0.72,0.28,31,0.26,0.74,0.23,0.14,0.37,0.05
kaneko,0637,12,0.25,0.42,0.25,0.92,0.08,38,0.08,0.92,0.26,0.05,0.60,0.08
kaneko,0638,17,0.65,0.06,0.06,0.76,0.24,39,0.28,0.72,0.05,0.16,0.51,0.05
kaneko,0639,17,0.65,0.06,0.12,0.82,0.18,45,0.24,0.76,0.09,0.12,0.55,0.07
kaneko,0640,14,0.57,0.14,0.29,1.00,0.00,19,0.42,0.58,0.32,0.00,0.26,0.00
kaneko,0641,14,0.86,0.07,0.00,0.93,0.07,34,0.35,0.65,0.03,0.04,0.57,0.01
kaneko,0642,18,0.44,0.17,0.11,0.72,0.28,45,0.16,0.84,0.11,0.20,0.53,0.07
kaneko,0643,16,0.44,0.12,0.12,0.69,0.31,51,0.14,0.86,0.10,0.24,0.53,0.16
kaneko,0644,15,0.53,0.13,0.13,0.80,0.20,48,0.17,0.83,0.08,0.15,0.60,0.09
kaneko,0645,20,0.40,0.35,0.20,0.95,0.05,81,0.10,0.90,0.14,0.04,0.73,0.03
kaneko,0646,14,0.50,0.50,0.00,1.00,0.00,55,0.13,0.87,0.13,0.00,0.75,0.00
kaneko,0647,13,0.62,0.15,0.00,0.77,0.23,33,0.24,0.76,0.06,0.16,0.54,0.07
kaneko,0648,18,0.56,0.11,0.11,0.78,0.22,31,0.35,0.65,0.10,0.12,0.43,0.01
kaneko,0649,24,0.50,0.33,0.17,1.00,0.00,62,0.21,0.79,0.19,0.00,0.60,0.02
kaneko,0650,15,0.73,0.13,0.00,0.87,0.13,60,0.18,0.82,0.03,0.10,0.68,0.07
kaneko,0651,17,0.65,0.24,0.12,1.00,0.00,39,0.28,0.72,0.15,0.00,0.56,0.00
kaneko,0652,17,0.71,0.00,0.06,0.76,0.24,32,0.38,0.62,0.03,0.14,0.45,0.01
kaneko,0653,16,0.56,0.06,0.19,0.81,0.19,55,0.16,0.84,0.07,0.14,0.62,0.09
kaneko,0654,15,0.53,0.13,0.13,0.80,0.20,60,0.13,0.87,0.07,0.16,0.64,0.11
kaneko,0655,15,0.67,0.07,0.07,0.80,0.20,42,0.26,0.74,0.05,0.14,0.55,0.09
kaneko,0656,18,0.67,0.11,0.00,0.78,0.22,39,0.33,0.67,0.05,0.14,0.48,0.06
kaneko,0657,18,0.50,0.17,0.06,0.72,0.28,35,0.26,0.74,0.17,0.16,0.41,0.07
kaneko,0658,19,0.42,0.32,0.00,0.74,0.26,30,0.27,0.73,0.20,0.14,0.39,0.03
kaneko,0659,15,0.60,0.07,0.13,0.80,0.20,48,0.19,0.81,0.08,0.15,0.58,0.10
kaneko,0660,15,0.47,0.07,0.13,0.67,0.33,37,0.19,0.81,0.08,0.24,0.49,0.11
kaneko,0661,17,0.65,0.18,0.00,0.82,0.18,37,0.30,0.70,0.08,0.11,0.51,0.03
kaneko,0662,19,0.63,0.05,0.05,0.74,0.26,42,0.29,0.71,0.05,0.18,0.49,0.06
kaneko,0663,20,0.55,0.30,0.10,0.95,0.05,77,0.14,0.86,0.10,0.04,0.72,0.02
kaneko,0664,18,0.67,0.11,0.00,0.78,0.22,47,0.26,0.74,0.06,0.15,0.53,0.09
kaneko,0665,17,0.41,0.06,0.12,0.59,0.41,46,0.15,0.85,0.07,0.32,0.46,0.17
kaneko,0666,19,0.89,0.05,0.05,1.00,0.00,77,0.22,0.78,0.05,0.00,0.73,0.03
kaneko,0667,15,0.67,0.20,0.07,0.93,0.07,50,0.20,0.80,0.08,0.05,0.67,0.03
kaneko,0668,16,0.56,0.12,0.06,0.75,0.25,47,0.19,0.81,0.09,0.18,0.54,0.12
kaneko,0669,16,0.50,0.25,0.06,0.81,0.19,70,0.11,0.89,0.07,0.15,0.66,0.11
kaneko,0670,15,0.67,0.20,0.07,0.93,0.07,40,0.25,0.75,0.07,0.04,0.63,0.01
kaneko,0671,17,0.59,0.24,0.00,0.82,0.18,54,0.19,0.81,0.07,0.13,0.61,0.08
kaneko,0672,17,0.53,0.29,0.12,0.94,0.06,59,0.15,0.85,0.12,0.04,0.69,0.03
kaneko,0673,17,0.53,0.18,0.06,0.76,0.24,43,0.21,0.79,0.09,0.16,0.53,0.07
kaneko,0674,16,0.44,0.25,0.00,0.69,0.31,41,0.17,0.83,0.10,0.23,0.50,0.11
kaneko,0675,20,0.55,0.25,0.05,0.85,0.15,33,0.33,0.67,0.18,0.07,0.41,0.02
kaneko,0676,20,0.55,0.30,0.00,0.85,0.15,52,0.21,0.79,0.12,0.10,0.57,0.04
kaneko,0677,15,0.73,0.07,0.00,0.80,0.20,39,0.28,0.72,0.03,0.14,0.55,0.06
kaneko,0678,17,0.59,0.18,0.12,0.88,0.12,50,0.22,0.78,0.10,0.08,0.60,0.06
kaneko,0679,13,0.62,0.23,0.00,0.85,0.15,38,0.21,0.79,0.11,0.11,0.58,0.08
kaneko,0680,19,0.53,0.11,0.05,0.68,0.32,43,0.23,0.77,0.07,0.22,0.48,0.08
kaneko,0681,17,0.47,0.29,0.06,0.82,0.18,42,0.19,0.81,0.14,0.12,0.55,0.05
kaneko,0682,17,0.53,0.18,0.06,0.76,0.24,43,0.26,0.74,0.09,0.15,0.50,0.11
kaneko,0683,14,0.57,0.07,0.14,0.79,0.21,30,0.27,0.73,0.13,0.13,0.47,0.06
kaneko,0684,15,0.67,0.20,0.13,1.00,0.00,27,0.37,0.63,0.19,0.00,0.44,0.00
kaneko,0685,13,0.54,0.15,0.31,1.00,0.00,31,0.23,0.77,0.19,0.00,0.58,0.00
kaneko,0686,15,0.47,0.13,0.33,0.93,0.07,51,0.14,0.86,0.12,0.05,0.70,0.01
kaneko,0687,16,0.75,0.19,0.06,1.00,0.00,32,0.34,0.66,0.16,0.00,0.50,0.00
kaneko,0688,18,0.67,0.22,0.00,0.89,0.11,40,0.30,0.70,0.10,0.07,0.53,0.02
kaneko,0689,15,0.67,0.33,0.00,1.00,0.00,32,0.31,0.69,0.16,0.00,0.53,0.00
kaneko,0690,20,0.55,0.30,0.00,0.85,0.15,32,0.34,0.66,0.19,0.07,0.40,0.02
kaneko,0691,17,0.65,0.24,0.12,1.00,0.00,60,0.18,0.82,0.12,0.00,0.70,0.02
kaneko,0692,20,0.45,0.15,0.05,0.65,0.35,59,0.19,0.81,0.08,0.26,0.47,0.19
kaneko,0693,18,0.67,0.11,0.11,0.89,0.11,39,0.31,0.69,0.08,0.07,0.55,0.01
kaneko,0694,16,0.75,0.12,0.00,0.88,0.12,30,0.40,0.60,0.07,0.07,0.47,0.00
kaneko,0695,13,0.54,0.38,0.00,0.92,0.08,23,0.30,0.70,0.26,0.03,0.40,0.03
kaneko,0696,15,0.87,0.07,0.00,0.93,0.07,42,0.31,0.69,0.02,0.04,0.62,0.02
kaneko,0697,16,0.69,0.19,0.06,0.94,0.06,37,0.30,0.70,0.14,0.04,0.53,0.04
kaneko,0698,17,0.65,0.18,0.12,0.94,0.06,43,0.26,0.74,0.12,0.04,0.59,0.01
kaneko,0699,17,0.59,0.12,0.06,0.76,0.24,44,0.23,0.77,0.07,0.17,0.54,0.07
kaneko,0700,17,0.41,0.35,0.12,0.88,0.12,42,0.17,0.83,0.21,0.07,0.55,0.05
kaneko,0701,13,0.38,0.15,0.08,0.62,0.38,42,0.12,0.88,0.07,0.31,0.50,0.19
kaneko,0702,15,0.60,0.07,0.20,0.87,0.13,36,0.25,0.75,0.11,0.09,0.55,0.03
kaneko,0703,16,0.75,0.00,0.00,0.75,0.25,34,0.35,0.65,0.00,0.16,0.49,0.04
kaneko,0704,17,0.59,0.12,0.00,0.71,0.29,37,0.27,0.73,0.08,0.19,0.46,0.08
kaneko,0705,15,0.53,0.20,0.13,0.87,0.13,91,0.09,0.91,0.05,0.11,0.74,0.09
kaneko,0706,16,0.56,0.12,0.12,0.81,0.19,45,0.20,0.80,0.09,0.13,0.58,0.07
kaneko,0707,17,0.53,0.29,0.06,0.88,0.12,48,0.19,0.81,0.12,0.08,0.61,0.04
kaneko,0708,17,0.59,0.18,0.12,0.88,0.12,66,0.17,0.83,0.08,0.09,0.67,0.07
kaneko,0709,16,0.62,0.00,0.06,0.69,0.31,51,0.22,0.78,0.02,0.24,0.53,0.16
kaneko,0710,18,0.72,0.11,0.17,1.00,0.00,96,0.14,0.86,0.06,0.00,0.80,0.01
kaneko,0711,15,0.40,0.13,0.27,0.80,0.20,44,0.14,0.86,0.14,0.15,0.58,0.08
kaneko,0712,15,0.40,0.33,0.07,0.80,0.20,32,0.12,0.88,0.25,0.12,0.50,0.03
kaneko,0713,14,0.64,0.14,0.14,0.93,0.07,59,0.15,0.85,0.07,0.06,0.72,0.04
kaneko,0714,17,0.71,0.12,0.12,0.94,0.06,41,0.29,0.71,0.12,0.03,0.55,0.03
kaneko,0715,18,0.83,0.00,0.11,0.94,0.06,49,0.31,0.69,0.04,0.04,0.62,0.02
kaneko,0716,14,0.43,0.07,0.29,0.79,0.21,43,0.14,0.86,0.12,0.16,0.58,0.09
kaneko,0717,18,0.33,0.00,0.11,0.44,0.56,60,0.10,0.90,0.03,0.48,0.39,0.31
kaneko,0718,15,0.33,0.13,0.27,0.73,0.27,51,0.10,0.90,0.10,0.21,0.59,0.12
kaneko,0719,18,0.78,0.06,0.06,0.89,0.11,72,0.21,0.79,0.03,0.08,0.68,0.07
kaneko,0720,18,0.56,0.06,0.06,0.67,0.33,51,0.18,0.82,0.06,0.25,0.51,0.14
kaneko,0721,15,0.73,0.07,0.13,0.93,0.07,48,0.23,0.77,0.08,0.05,0.64,0.05
kaneko,0722,14,0.57,0.21,0.00,0.79,0.21,95,0.08,0.92,0.03,0.19,0.69,0.16
kaneko,0723,13,0.69,0.31,0.00,1.00,0.00,37,0.24,0.76,0.11,0.00,0.65,0.00
kaneko,0724,15,0.67,0.27,0.00,0.93,0.07,52,0.19,0.81,0.08,0.05,0.68,0.03
kaneko,0725,14,0.57,0.14,0.07,0.79,0.21,38,0.21,0.79,0.08,0.15,0.56,0.07
kaneko,0726,18,0.50,0.11,0.11,0.72,0.28,44,0.20,0.80,0.11,0.19,0.49,0.10
kaneko,0727,18,0.56,0.11,0.06,0.72,0.28,44,0.23,0.77,0.07,0.20,0.51,0.08
kaneko,0728,19,0.42,0.26,0.16,0.84,0.16,56,0.14,0.86,0.14,0.11,0.60,0.06
kaneko,0729,17,0.47,0.24,0.12,0.82,0.18,32,0.25,0.75,0.19,0.10,0.46,0.01
kaneko,0730,18,0.67,0.11,0.11,0.89,0.11,29,0.45,0.55,0.14,0.05,0.37,0.01
kaneko,0731,17,0.53,0.18,0.06,0.76,0.24,46,0.20,0.80,0.11,0.16,0.53,0.10
kaneko,0732,13,0.54,0.23,0.00,0.77,0.23,41,0.17,0.83,0.07,0.17,0.58,0.10
kaneko,0733,17,0.41,0.29,0.12,0.82,0.18,59,0.12,0.88,0.14,0.13,0.61,0.10
kaneko,0734,13,0.54,0.08,0.08,0.69,0.31,51,0.14,0.86,0.04,0.25,0.57,0.17
kaneko,0735,15,0.73,0.13,0.00,0.87,0.13,45,0.24,0.76,0.04,0.09,0.62,0.05
kaneko,0736,16,0.25,0.31,0.19,0.75,0.25,43,0.09,0.91,0.16,0.19,0.56,0.07
kaneko,0737,16,0.44,0.19,0.19,0.81,0.19,44,0.18,0.82,0.14,0.13,0.55,0.08
kaneko,0738,17,0.35,0.24,0.12,0.71,0.29,64,0.09,0.91,0.09,0.24,0.57,0.16
kaneko,0739,18,0.67,0.06,0.11,0.83,0.17,50,0.24,0.76,0.06,0.12,0.58,0.06
kaneko,0740,16,0.44,0.25,0.12,0.81,0.19,67,0.12,0.88,0.09,0.15,0.64,0.12
kaneko,0741,17,0.59,0.24,0.18,1.00,0.00,33,0.30,0.70,0.21,0.00,0.48,0.00
kaneko,0742,14,0.93,0.07,0.00,1.00,0.00,40,0.33,0.68,0.03,0.00,0.65,0.00
kaneko,0743,14,0.57,0.29,0.00,0.86,0.14,38,0.21,0.79,0.13,0.09,0.56,0.07
kaneko,0744,19,0.68,0.11,0.11,0.89,0.11,47,0.28,0.72,0.11,0.06,0.55,0.04
kaneko,0745,14,0.57,0.36,0.00,0.93,0.07,58,0.12,0.88,0.10,0.06,0.72,0.04
kaneko,0746,14,0.64,0.21,0.07,0.93,0.07,54,0.17,0.83,0.07,0.05,0.71,0.04
kaneko,0747,21,0.29,0.48,0.05,0.81,0.19,68,0.09,0.91,0.18,0.14,0.60,0.10
kaneko,0748,17,0.59,0.18,0.00,0.76,0.24,46,0.22,0.78,0.07,0.17,0.55,0.08
kaneko,0749,15,0.80,0.20,0.00,1.00,0.00,47,0.26,0.74,0.09,0.00,0.66,0.02
kaneko,0750,18,0.28,0.22,0.06,0.56,0.44,47,0.13,0.87,0.15,0.32,0.40,0.22
kaneko,0751,16,0.50,0.12,0.06,0.69,0.31,28,0.29,0.71,0.11,0.19,0.42,0.01
kaneko,0752,17,0.59,0.18,0.06,0.82,0.18,38,0.34,0.66,0.13,0.09,0.43,0.12
kaneko,0753,19,0.42,0.11,0.05,0.58,0.42,43,0.19,0.81,0.09,0.30,0.42,0.14
kaneko,0754,17,0.35,0.12,0.18,0.65,0.35,38,0.16,0.84,0.16,0.24,0.44,0.11
kaneko,0755,16,0.62,0.25,0.06,0.94,0.06,68,0.15,0.85,0.09,0.05,0.72,0.05
kaneko,0756,18,0.50,0.06,0.06,0.61,0.39,30,0.30,0.70,0.07,0.25,0.39,0.01
kaneko,0757,15,0.47,0.33,0.13,0.93,0.07,44,0.16,0.84,0.16,0.05,0.64,0.02
kaneko,0758,16,0.50,0.00,0.12,0.62,0.38,36,0.22,0.78,0.06,0.27,0.45,0.10
kaneko,0759,14,0.57,0.21,0.14,0.93,0.07,49,0.16,0.84,0.10,0.05,0.68,0.03
kaneko,0760,13,0.46,0.15,0.15,0.77,0.23,38,0.16,0.84,0.11,0.17,0.57,0.09
kaneko,0761,17,0.41,0.18,0.06,0.65,0.35,40,0.17,0.82,0.10,0.26,0.47,0.11
kaneko,0762,17,0.47,0.06,0.12,0.65,0.35,27,0.30,0.70,0.11,0.21,0.38,0.01
kaneko,0763,19,0.63,0.11,0.16,0.89,0.11,58,0.21,0.79,0.12,0.07,0.60,0.07
kaneko,0764,17,0.53,0.18,0.06,0.76,0.24,40,0.23,0.78,0.15,0.15,0.48,0.10
kaneko,0765,16,0.31,0.38,0.06,0.75,0.25,44,0.11,0.89,0.20,0.17,0.51,0.12
kaneko,0766,14,0.50,0.36,0.07,0.93,0.07,41,0.20,0.80,0.17,0.05,0.59,0.07
kaneko,0767,17,0.47,0.41,0.06,0.94,0.06,56,0.14,0.86,0.16,0.04,0.66,0.04
kaneko,0768,15,0.53,0.20,0.13,0.87,0.13,37,0.24,0.76,0.14,0.08,0.54,0.06
kaneko,0769,16,0.50,0.25,0.06,0.81,0.19,47,0.17,0.83,0.11,0.14,0.59,0.07
kaneko,0770,20,0.55,0.20,0.05,0.80,0.20,47,0.26,0.74,0.11,0.13,0.51,0.06
kaneko,0771,17,0.65,0.18,0.00,0.82,0.18,47,0.23,0.77,0.09,0.12,0.56,0.08
kaneko,0772,16,0.69,0.12,0.12,0.94,0.06,51,0.22,0.78,0.10,0.04,0.64,0.04
kaneko,0773,16,0.44,0.25,0.00,0.69,0.31,56,0.12,0.88,0.07,0.25,0.55,0.16
kaneko,0774,18,0.56,0.22,0.17,0.94,0.06,29,0.34,0.66,0.24,0.02,0.39,0.01
kaneko,0775,19,0.74,0.00,0.05,0.79,0.21,75,0.19,0.81,0.04,0.16,0.61,0.14
kaneko,0776,20,0.55,0.20,0.10,0.85,0.15,51,0.22,0.78,0.12,0.10,0.57,0.04
kaneko,0777,16,0.75,0.12,0.12,1.00,0.00,28,0.43,0.57,0.14,0.00,0.43,0.00
kaneko,0778,16,0.56,0.25,0.06,0.88,0.12,47,0.19,0.81,0.11,0.09,0.61,0.05
kaneko,0779,17,0.59,0.06,0.18,0.82,0.18,55,0.18,0.82,0.09,0.13,0.60,0.09
kaneko,0780,18,0.39,0.11,0.06,0.56,0.44,76,0.11,0.89,0.04,0.38,0.48,0.29
kaneko,0781,16,0.56,0.19,0.06,0.81,0.19,30,0.30,0.70,0.17,0.10,0.43,0.03
kaneko,0782,18,0.22,0.33,0.22,0.78,0.22,47,0.09,0.91,0.19,0.16,0.56,0.05
kaneko,0783,16,0.56,0.12,0.12,0.81,0.19,51,0.18,0.82,0.10,0.14,0.59,0.10
kaneko,0784,15,0.67,0.13,0.20,1.00,0.00,50,0.22,0.78,0.10,0.00,0.68,0.02
kaneko,0785,17,0.71,0.12,0.00,0.82,0.18,80,0.15,0.85,0.03,0.15,0.68,0.11
kaneko,0786,17,0.47,0.24,0.00,0.71,0.29,62,0.13,0.87,0.06,0.24,0.57,0.16
kaneko,0787,18,0.78,0.06,0.06,0.89,0.11,54,0.26,0.74,0.04,0.08,0.63,0.04
kaneko,0788,15,0.47,0.33,0.13,0.93,0.07,44,0.16,0.84,0.16,0.05,0.64,0.02
kaneko,0789,19,0.42,0.11,0.16,0.68,0.32,88,0.09,0.91,0.07,0.27,0.58,0.21
kaneko,0790,17,0.53,0.18,0.00,0.71,0.29,59,0.17,0.83,0.05,0.23,0.55,0.16
kaneko,0791,19,0.63,0.21,0.11,0.95,0.05,109,0.12,0.88,0.06,0.04,0.78,0.04
kaneko,0792,18,0.72,0.00,0.11,0.83,0.17,63,0.22,0.78,0.03,0.12,0.62,0.09
kaneko,0793,18,0.50,0.22,0.11,0.83,0.17,68,0.13,0.87,0.10,0.13,0.64,0.10
kaneko,0794,14,0.43,0.14,0.07,0.64,0.36,33,0.18,0.82,0.09,0.26,0.47,0.11
kaneko,0795,16,0.62,0.19,0.12,0.94,0.06,30,0.33,0.67,0.17,0.03,0.47,0.00
kaneko,0796,13,0.54,0.23,0.00,0.77,0.23,39,0.21,0.79,0.08,0.17,0.55,0.11
kaneko,0797,17,0.59,0.24,0.12,0.94,0.06,40,0.25,0.75,0.15,0.04,0.56,0.01
kaneko,0798,19,0.53,0.16,0.16,0.84,0.16,40,0.25,0.75,0.20,0.09,0.46,0.06
kaneko,0799,19,0.53,0.16,0.11,0.79,0.21,43,0.23,0.77,0.14,0.13,0.50,0.06
kaneko,0800,21,0.52,0.05,0.10,0.67,0.33,50,0.24,0.76,0.06,0.23,0.47,0.11
kaneko,0801,17,0.47,0.18,0.12,0.76,0.24,44,0.20,0.80,0.14,0.16,0.50,0.11
kaneko,0802,15,0.73,0.27,0.00,1.00,0.00,45,0.24,0.76,0.09,0.00,0.67,0.00
kaneko,0803,20,0.60,0.20,0.05,0.85,0.15,67,0.18,0.82,0.07,0.11,0.63,0.07
kaneko,0804,15,0.47,0.00,0.20,0.67,0.33,34,0.21,0.79,0.09,0.24,0.47,0.09
kaneko,0805,17,0.59,0.06,0.12,0.76,0.24,34,0.32,0.68,0.09,0.14,0.45,0.05
kaneko,0806,20,0.55,0.10,0.10,0.75,0.25,47,0.21,0.79,0.13,0.16,0.49,0.08
kaneko,0807,20,0.85,0.05,0.00,0.90,0.10,45,0.38,0.62,0.02,0.06,0.54,0.02
kaneko,0808,18,0.61,0.11,0.11,0.83,0.17,57,0.19,0.81,0.09,0.12,0.60,0.08
kaneko,0809,15,0.67,0.13,0.13,0.93,0.07,34,0.29,0.71,0.12,0.04,0.55,0.01
kaneko,0810,18,0.28,0.22,0.22,0.72,0.28,72,0.07,0.93,0.11,0.23,0.59,0.16
kaneko,0811,22,0.45,0.18,0.18,0.82,0.18,78,0.13,0.87,0.12,0.14,0.62,0.10
kaneko,0812,16,0.62,0.19,0.06,0.88,0.12,55,0.20,0.80,0.07,0.09,0.64,0.07
kaneko,0813,13,0.54,0.08,0.15,0.77,0.23,36,0.19,0.81,0.08,0.17,0.56,0.08
kaneko,0814,18,0.67,0.11,0.17,0.94,0.06,54,0.24,0.76,0.09,0.04,0.63,0.04
kaneko,0815,18,0.56,0.11,0.22,0.89,0.11,60,0.17,0.83,0.10,0.08,0.65,0.05
kaneko,0816,18,0.39,0.11,0.22,0.72,0.28,55,0.13,0.87,0.11,0.21,0.55,0.12
kaneko,0817,15,0.67,0.20,0.00,0.87,0.13,38,0.26,0.74,0.08,0.09,0.57,0.04
kaneko,0818,17,0.41,0.35,0.12,0.88,0.12,51,0.14,0.86,0.16,0.08,0.62,0.04
kaneko,0819,17,0.47,0.12,0.18,0.76,0.24,35,0.23,0.77,0.14,0.15,0.48,0.03
kaneko,0820,14,0.57,0.29,0.14,1.00,0.00,45,0.18,0.82,0.13,0.00,0.69,0.00
kaneko,0821,15,0.60,0.07,0.20,0.87,0.13,63,0.14,0.86,0.06,0.11,0.69,0.07
kaneko,0822,15,0.60,0.13,0.07,0.80,0.20,65,0.14,0.86,0.05,0.16,0.65,0.12
kaneko,0823,15,0.67,0.00,0.20,0.87,0.13,45,0.24,0.76,0.09,0.09,0.58,0.09
kaneko,0824,21,0.38,0.24,0.10,0.71,0.29,55,0.15,0.85,0.15,0.20,0.51,0.11
kaneko,0825,18,0.61,0.17,0.11,0.89,0.11,54,0.20,0.80,0.09,0.08,0.63,0.04
kaneko,0826,18,0.39,0.11,0.06,0.56,0.44,31,0.23,0.77,0.10,0.30,0.38,0.04
kaneko,0827,19,0.58,0.11,0.05,0.74,0.26,46,0.24,0.76,0.13,0.17,0.46,0.12
kaneko,0828,16,0.50,0.06,0.12,0.69,0.31,60,0.13,0.87,0.05,0.26,0.56,0.17
kaneko,0829,14,0.71,0.07,0.14,0.93,0.07,55,0.18,0.82,0.07,0.05,0.69,0.05
kaneko,0830,19,0.53,0.16,0.05,0.74,0.26,51,0.20,0.80,0.08,0.19,0.53,0.09
kaneko,0831,15,0.53,0.27,0.07,0.87,0.13,64,0.14,0.86,0.09,0.10,0.66,0.10
kaneko,0832,16,0.81,0.06,0.00,0.88,0.12,42,0.31,0.69,0.02,0.08,0.58,0.04
kaneko,0833,20,0.45,0.10,0.10,0.65,0.35,49,0.18,0.82,0.08,0.26,0.48,0.11
kaneko,0834,15,0.40,0.27,0.07,0.73,0.27,48,0.12,0.88,0.12,0.20,0.55,0.14
kaneko,0835,21,0.62,0.19,0.05,0.86,0.14,46,0.26,0.74,0.15,0.08,0.50,0.04
kaneko,0836,17,0.59,0.12,0.12,0.82,0.18,39,0.26,0.74,0.10,0.11,0.53,0.04
kaneko,0837,16,0.56,0.06,0.12,0.75,0.25,35,0.26,0.74,0.11,0.16,0.47,0.07
kaneko,0838,19,0.63,0.11,0.00,0.74,0.26,60,0.20,0.80,0.03,0.20,0.56,0.12
kaneko,0839,16,0.38,0.25,0.06,0.69,0.31,65,0.09,0.91,0.08,0.26,0.57,0.18
kaneko,0840,14,0.64,0.29,0.00,0.93,0.07,42,0.21,0.79,0.10,0.05,0.64,0.03
kaneko,0841,16,0.69,0.12,0.06,0.88,0.12,39,0.28,0.72,0.08,0.08,0.56,0.03
kaneko,0842,12,0.83,0.00,0.08,0.92,0.08,38,0.26,0.74,0.03,0.06,0.65,0.03
kaneko,0843,18,0.44,0.11,0.00,0.56,0.44,32,0.25,0.75,0.06,0.31,0.38,0.06
kaneko,0844,16,0.75,0.06,0.06,0.88,0.12,37,0.32,0.68,0.05,0.08,0.54,0.02
kaneko,0845,16,0.38,0.19,0.19,0.75,0.25,38,0.16,0.84,0.16,0.17,0.51,0.07
kaneko,0846,18,0.28,0.17,0.11,0.56,0.44,56,0.09,0.91,0.09,0.37,0.46,0.22
kaneko,0847,17,0.59,0.24,0.12,0.94,0.06,58,0.17,0.83,0.12,0.04,0.67,0.04
kaneko,0848,15,0.67,0.13,0.07,0.87,0.13,45,0.24,0.76,0.07,0.09,0.60,0.07
kaneko,0849,16,0.62,0.19,0.12,0.94,0.06,40,0.25,0.75,0.15,0.04,0.56,0.04
kaneko,0850,19,0.32,0.32,0.11,0.74,0.26,70,0.09,0.91,0.10,0.21,0.60,0.13
kaneko,0851,17,0.59,0.24,0.06,0.88,0.12,50,0.20,0.80,0.10,0.08,0.62,0.04
kaneko,0852,14,0.36,0.21,0.21,0.79,0.21,39,0.13,0.87,0.15,0.15,0.56,0.08
kaneko,0853,18,0.56,0.22,0.11,0.89,0.11,36,0.28,0.72,0.19,0.06,0.47,0.03
kaneko,0854,16,0.25,0.25,0.06,0.56,0.44,49,0.08,0.92,0.12,0.35,0.45,0.23
kaneko,0855,17,0.35,0.29,0.00,0.65,0.35,51,0.12,0.88,0.12,0.27,0.49,0.17
kaneko,0856,17,0.71,0.12,0.06,0.88,0.12,56,0.21,0.79,0.05,0.09,0.65,0.05
kaneko,0857,16,0.50,0.19,0.06,0.75,0.25,60,0.13,0.87,0.08,0.20,0.59,0.15
kaneko,0858,17,0.65,0.18,0.06,0.88,0.12,61,0.18,0.82,0.08,0.09,0.65,0.07
kaneko,0859,16,0.81,0.19,0.00,1.00,0.00,43,0.30,0.70,0.12,0.00,0.58,0.05
kaneko,0860,18,0.56,0.28,0.06,0.89,0.11,57,0.19,0.81,0.11,0.08,0.62,0.06
kaneko,0861,17,0.53,0.18,0.06,0.76,0.24,51,0.18,0.82,0.10,0.17,0.55,0.11
kaneko,0862,17,0.35,0.29,0.18,0.82,0.18,43,0.14,0.86,0.19,0.12,0.56,0.05
kaneko,0863,17,0.65,0.06,0.24,0.94,0.06,29,0.38,0.62,0.17,0.03,0.42,0.01
kaneko,0864,16,0.31,0.44,0.06,0.81,0.19,38,0.13,0.87,0.21,0.12,0.53,0.04
kaneko,0865,14,0.57,0.14,0.00,0.71,0.29,47,0.17,0.83,0.04,0.22,0.56,0.14
kaneko,0866,19,0.47,0.21,0.05,0.74,0.26,35,0.29,0.71,0.17,0.14,0.40,0.06
kaneko,0867,15,0.53,0.20,0.07,0.80,0.20,38,0.21,0.79,0.11,0.14,0.55,0.06
kaneko,0868,18,0.39,0.28,0.11,0.78,0.22,99,0.08,0.92,0.07,0.19,0.66,0.16
kaneko,0869,16,0.44,0.12,0.25,0.81,0.19,52,0.13,0.87,0.13,0.14,0.59,0.10
kaneko,0870,18,0.56,0.33,0.06,0.94,0.06,90,0.12,0.88,0.10,0.04,0.73,0.07
kaneko,0871,15,0.73,0.07,0.00,0.80,0.20,71,0.15,0.85,0.01,0.17,0.66,0.12
kaneko,0872,14,0.50,0.21,0.00,0.71,0.29,47,0.15,0.85,0.06,0.22,0.56,0.14
kaneko,0873,15,0.40,0.20,0.00,0.60,0.40,50,0.12,0.88,0.06,0.33,0.49,0.21
kaneko,0874,16,0.69,0.12,0.00,0.81,0.19,59,0.19,0.81,0.03,0.15,0.63,0.10
kaneko,0875,16,0.62,0.19,0.06,0.88,0.12,40,0.25,0.75,0.10,0.08,0.57,0.03
kaneko,0876,16,0.62,0.06,0.12,0.81,0.19,25,0.40,0.60,0.12,0.09,0.39,0.03
kaneko,0877,14,0.50,0.21,0.14,0.86,0.14,44,0.16,0.84,0.14,0.10,0.60,0.08
kaneko,0878,14,0.64,0.14,0.14,0.93,0.07,23,0.43,0.57,0.17,0.03,0.36,0.03
kaneko,0879,18,0.39,0.33,0.17,0.89,0.11,51,0.14,0.86,0.18,0.08,0.61,0.04
kaneko,0880,18,0.17,0.00,0.00,0.17,0.83,110,0.05,0.95,0.00,0.80,0.16,0.68
kaneko,0881,16,0.38,0.06,0.00,0.44,0.56,34,0.18,0.82,0.03,0.45,0.35,0.18
kaneko,0882,13,0.69,0.08,0.23,1.00,0.00,32,0.28,0.72,0.12,0.00,0.59,0.00
kaneko,0883,13,0.62,0.23,0.15,1.00,0.00,42,0.19,0.81,0.12,0.00,0.69,0.00
kaneko,0884,19,0.63,0.32,0.05,1.00,0.00,109,0.12,0.88,0.07,0.00,0.81,0.02
kaneko,0885,16,0.56,0.25,0.06,0.88,0.12,62,0.15,0.85,0.08,0.10,0.68,0.06
kaneko,0886,13,0.54,0.08,0.00,0.62,0.38,30,0.23,0.77,0.07,0.27,0.43,0.14
kaneko,0887,15,0.53,0.20,0.07,0.80,0.20,72,0.11,0.89,0.06,0.17,0.67,0.12
kaneko,0888,15,0.47,0.13,0.00,0.60,0.40,27,0.26,0.74,0.07,0.27,0.40,0.04
kaneko,0889,16,0.62,0.06,0.06,0.75,0.25,43,0.26,0.74,0.05,0.17,0.52,0.10
kaneko,0890,16,0.31,0.19,0.00,0.50,0.50,33,0.15,0.85,0.09,0.38,0.38,0.14
kaneko,0891,18,0.56,0.17,0.11,0.83,0.17,49,0.20,0.80,0.10,0.12,0.58,0.05
kaneko,0892,17,0.59,0.18,0.00,0.76,0.24,57,0.19,0.81,0.05,0.18,0.58,0.12
kaneko,0893,17,0.47,0.18,0.06,0.71,0.29,38,0.18,0.82,0.11,0.21,0.50,0.05
kaneko,0894,17,0.47,0.18,0.12,0.76,0.24,30,0.30,0.70,0.17,0.13,0.41,0.03
kaneko,0895,19,0.32,0.26,0.11,0.68,0.32,54,0.11,0.89,0.13,0.24,0.52,0.13
kaneko,0896,15,0.20,0.20,0.13,0.53,0.47,36,0.08,0.92,0.14,0.36,0.41,0.17
kaneko,0897,17,0.24,0.29,0.18,0.71,0.29,27,0.15,0.85,0.26,0.17,0.42,0.05
kaneko,0898,17,0.41,0.12,0.06,0.59,0.41,54,0.15,0.85,0.06,0.33,0.47,0.22
kaneko,0899,18,0.67,0.11,0.11,0.89,0.11,41,0.29,0.71,0.10,0.07,0.54,0.02
kaneko,0900,17,0.53,0.18,0.06,0.76,0.24,58,0.16,0.84,0.09,0.18,0.58,0.13
kaneko,0901,17,0.47,0.18,0.00,0.65,0.35,36,0.22,0.78,0.11,0.24,0.43,0.10
kaneko,0902,14,0.36,0.21,0.14,0.71,0.29,35,0.17,0.83,0.14,0.20,0.49,0.11
kaneko,0903,20,0.50,0.25,0.15,0.90,0.10,63,0.16,0.84,0.11,0.07,0.66,0.03
kaneko,0904,17,0.41,0.12,0.12,0.65,0.35,35,0.20,0.80,0.11,0.24,0.44,0.07
kaneko,0905,16,0.69,0.12,0.06,0.88,0.12,39,0.28,0.72,0.08,0.08,0.56,0.03
kaneko,0906,16,0.62,0.31,0.00,0.94,0.06,41,0.24,0.76,0.12,0.04,0.59,0.02
kaneko,0907,17,0.59,0.06,0.12,0.76,0.24,42,0.24,0.76,0.07,0.16,0.53,0.07
kaneko,0908,20,0.45,0.25,0.10,0.80,0.20,66,0.14,0.86,0.12,0.15,0.59,0.10
kaneko,0909,19,0.63,0.16,0.05,0.84,0.16,53,0.25,0.75,0.06,0.11,0.59,0.05
kaneko,0910,18,0.50,0.11,0.22,0.83,0.17,44,0.23,0.77,0.14,0.11,0.53,0.06
kaneko,0911,16,0.50,0.06,0.12,0.69,0.31,23,0.35,0.65,0.13,0.16,0.36,0.05
kaneko,0912,13,0.62,0.08,0.08,0.77,0.23,26,0.31,0.69,0.08,0.14,0.47,0.03
kaneko,0913,13,0.62,0.00,0.00,0.62,0.38,28,0.29,0.71,0.00,0.27,0.44,0.10
kaneko,0914,18,0.50,0.11,0.06,0.67,0.33,45,0.20,0.80,0.09,0.24,0.47,0.13
kaneko,0915,17,0.59,0.12,0.00,0.71,0.29,32,0.31,0.69,0.06,0.18,0.44,0.03
kaneko,0916,14,0.43,0.14,0.14,0.71,0.29,37,0.16,0.84,0.14,0.20,0.50,0.12
